condition,mean,median,metric,n,rule,sd
RAW,0.5174518065457043,0.5115747005833888,L4_query,320,rank,0.14401918224328158
RAW,0.06102314520585833,0.05481178497279629,L1,320,rank,0.028440841095716096
RAW,0.7751351327244185,0.803030303030303,final_recall,320,rank,0.14609144730025866
RAW,32.504818750000084,6.960999999999331,runtime_seconds,320,rank,48.38264186880739
LEGACY_LOCAL,0.5295870794228605,0.5400847346553086,L4_query,320,rank,0.11837885148033853
LEGACY_LOCAL,0.09189339697156365,0.09136322257624033,L1,320,rank,0.027704260821528683
LEGACY_LOCAL,0.8048727314352314,0.8333333333333334,final_recall,320,rank,0.12080359418754082
LEGACY_LOCAL,25.97602812500005,5.296499999998559,runtime_seconds,320,rank,39.735556355092385
LOCAL,0.5364153198841597,0.5367086542860453,L4_query,320,rank,0.1241266182232679
LOCAL,0.04013918792785982,0.03611053401959141,L1,320,rank,0.016903570059387044
LOCAL,0.8021254043575471,0.8326792255363684,final_recall,320,rank,0.12611541376561206
LOCAL,26.114643750000063,5.281500000000051,runtime_seconds,320,rank,39.638919851991005
PERMUTED,0.46993339720440674,0.4747474576535418,L4_query,320,rank,0.12012137124333548
PERMUTED,0.04675240361726891,0.045287508243852595,L1,320,rank,0.01603177354420793
PERMUTED,0.7209537114671043,0.7142857142857143,final_recall,320,rank,0.13125115761428535
PERMUTED,28.41255937499999,5.445499999999811,runtime_seconds,320,rank,43.29966183890161
MATCHED,0.5233056739987184,0.525327445899078,L4_query,320,rank,0.13932975595363842
MATCHED,0.06210737904702955,0.05754153390987712,L1,320,rank,0.02941846805794455
MATCHED,0.8021886967199467,0.8333333333333334,final_recall,320,rank,0.13470003249492862
MATCHED,27.673853124999926,5.835999999999785,runtime_seconds,320,rank,41.8943278670997
RAW,0.603772274997098,0.6251521672115203,L4_query,320,magnitude,0.14003314823037885
RAW,0.06447996372759404,0.058027958740499444,L1,320,magnitude,0.03232041073926812
RAW,0.9006395390323962,0.9545454545454546,final_recall,320,magnitude,0.1312596119704601
RAW,6.134093749999954,1.8360000000011496,runtime_seconds,320,magnitude,8.229368901932787
GLOBAL,0.6007062993986326,0.6243763507610245,L4_query,320,magnitude,0.13957915187087178
GLOBAL,0.04731261543072783,0.041592497933222325,L1,320,magnitude,0.021865920090701783
GLOBAL,0.9013376876100091,0.9545454545454546,final_recall,320,magnitude,0.13135806530031577
GLOBAL,6.195931249999944,1.8439999999991414,runtime_seconds,320,magnitude,8.394696046500231
LOCAL,0.6182131116940923,0.6355003673525116,L4_query,320,magnitude,0.131826622011939
LOCAL,0.0412516674847508,0.03498236231224397,L1,320,magnitude,0.01835209829079071
LOCAL,0.9031946104490747,0.9654631083202512,final_recall,320,magnitude,0.12934908945989926
LOCAL,25.251896875000035,5.094000000000051,runtime_seconds,320,magnitude,38.41789077203185
PERMUTED,0.6025345458131641,0.6187515803712609,L4_query,320,magnitude,0.1343171978634818
PERMUTED,0.04916814900689224,0.04832570046335427,L1,320,magnitude,0.01702672399970756
PERMUTED,0.9048962198515771,0.9545454545454546,final_recall,320,magnitude,0.12733415296332345
PERMUTED,26.13596562500003,5.289000000000215,runtime_seconds,320,magnitude,39.749371094120676
MATCHED,0.6035172879231195,0.6217442053833655,L4_query,320,magnitude,0.13828171386549878
MATCHED,0.0644041580678236,0.05653867343040579,L1,320,magnitude,0.03205741403544883
MATCHED,0.9001374369677941,0.9545454545454546,final_recall,320,magnitude,0.12994021871856162
MATCHED,24.82340312499993,5.21849999999904,runtime_seconds,320,magnitude,37.42888889844863
