task,split,rule,n_seed_blocks,mean_seed_block_difference,median_seed_block_difference,sd_across_seed_blocks,fraction_seed_blocks_negative,min_seed_block_difference,max_seed_block_difference,mean_stage_entered_target,mean_stage_displaced_target,mean_candidates_exchanged_per_stage
matbench_expt_gap,chemical_system_ood,magnitude,40,-0.08668232130100158,-0.06449646534021536,0.3071262402674642,0.575,-0.6177207224092207,0.4766840765748607,1.79640402038673,1.8830863416877317,59.7625
matbench_expt_gap,chemical_system_ood,rank,40,0.12363415201577894,0.11907335663750089,0.3260106659411441,0.35,-0.689717778299239,0.8493497474747476,1.866346923873031,1.7427127718572522,69.2375
matbench_expt_gap,iid_record,magnitude,40,0.0034050962870431378,0.01695475152248746,0.33629914172803654,0.475,-0.8856583944811907,0.7100923496424345,1.8555049196179607,1.8520998233309176,68.73125
matbench_expt_gap,iid_record,rank,40,0.14529793679860917,0.0936919862033058,0.29644865419109734,0.3,-0.40864388264174845,0.8436992292979296,1.9014920633349583,1.7561941265363494,70.16875
matbench_log_gvrh,chemical_system_ood,magnitude,40,-0.07820287615553598,-0.07468991491814603,0.0482951792247322,0.925,-0.21389678777963278,0.03965493857687963,1.7834279819237533,1.8616308580792893,188.1875
matbench_log_gvrh,chemical_system_ood,rank,40,0.009650885064089813,0.008977566888533711,0.038618431477816344,0.375,-0.0733749425383114,0.09468076821066979,1.7903002140885804,1.7806493290244905,193.975
matbench_log_gvrh,iid_record,magnitude,40,-0.07332476568275298,-0.07758879493455553,0.04455589608207175,1.0,-0.20068363126688044,-0.0028148453192766154,1.7794081342270822,1.8527328999098351,174.075
matbench_log_gvrh,iid_record,rank,40,-0.005337490986690088,0.0009196529087541205,0.03361900619391316,0.5,-0.08881926914183008,0.05160238968717318,1.7723047699329784,1.7776422609196683,182.125
matbench_log_kvrh,chemical_system_ood,magnitude,40,-0.10080002579300554,-0.10378726334605282,0.05915422138739965,0.95,-0.250690439855595,0.01820875603725053,2.0681681771893685,2.1689682029823745,190.375
matbench_log_kvrh,chemical_system_ood,rank,40,-0.0019942505318396933,-0.004720374607548983,0.03856660307905468,0.55,-0.08326326846421395,0.08873821820149341,2.078423016966556,2.0804172674983956,201.2
matbench_log_kvrh,iid_record,magnitude,40,-0.10825580557695509,-0.09937660147737343,0.06342117005684259,0.975,-0.26064100718027083,0.002895201248297452,2.062744206988306,2.171000012565261,183.45
matbench_log_kvrh,iid_record,rank,40,0.006354218889127995,0.00270491108058174,0.04318665562403097,0.45,-0.0642673810610932,0.11878053893027263,2.0836011274536306,2.077246908564503,193.23125
matbench_mp_gap,chemical_system_ood,magnitude,40,-0.014266083556531955,-0.001083655854512089,0.13961758981001515,0.525,-0.28597656675416805,0.32952818789572047,2.811299255758235,2.8255653393147666,1535.875
matbench_mp_gap,chemical_system_ood,rank,40,0.1248820916634781,0.13150708070557182,0.14710297306436576,0.25,-0.1820545620986324,0.36577370707825674,2.7931349668655807,2.6682528752021026,1879.3625
matbench_mp_gap,iid_record,magnitude,40,-0.016195076062036372,-0.02050916126349972,0.06546032130140118,0.65,-0.1302400027318098,0.10745427473494762,2.9714729882486526,2.987668064310689,1378.09375
matbench_mp_gap,iid_record,rank,40,0.06731223698210262,0.06647033064001356,0.07647287090237494,0.15,-0.21197682588498268,0.24728889628098816,2.928185381451354,2.8608731444692515,1743.2
