citation_key,authors,year,venue,doi,status,notes
dunn2020matbench,"Dunn, Alexander and Wang, Qi and Ganose, Alex and Dopp, Daniel and Jain, Anubhav",2020,"npj Computational Materials 6, 138",10.1038/s41524-020-00406-3,PASS,Nature publisher page verified.
kusne2020cameo,"Kusne, A. Gilad and Yu, Heshan and Wu, Changming and Zhang, Huairuo and Hattrick-Simpers, Jason and DeCost, Brian and Sarker, Suchismita and Oses, Corey and Toher, Cormac and Curtarolo, Stefano and Davydov, Albert V. and Agarwal, Ritesh and Bendersky, Leonid A. and Li, Mo and Mehta, Apurva and Takeuchi, Ichiro",2020,"Nature Communications 11, 5966",10.1038/s41467-020-19597-w,PASS,Nature publisher page verified; abbreviated author list.
rao2022highentropy,"Rao, Ziyuan and Tung, Po-Yen and Xie, Ruiwen and Wei, Ye and Zhang, Hongbin and Ferrari, Alberto and Klaver, T. P. C. and K{\""o}rmann, Fritz and Sukumar, Prithiv Thoudden and Kwiatkowski da Silva, Alisson and Chen, Yao and Li, Zhiming and Ponge, Dirk and Neugebauer, J{\""o}rg and Gutfleisch, Oliver and Bauer, Stefan and Raabe, Dierk",2022,"Science 378(6615), 78-85",10.1126/science.abo4940,PASS,"DOI, title, year, volume and page range checked against publisher/cross-reference records; abbreviated author list."
breiman2001random,"Breiman, Leo",2001,"Machine Learning 45(1), 5-32",10.1023/A:1010933404324,PASS,Springer publisher metadata verified.
geurts2006extratrees,"Geurts, Pierre and Ernst, Damien and Wehenkel, Louis",2006,"Machine Learning 63(1), 3-42",10.1007/s10994-006-6226-1,PASS,Springer publisher metadata verified.
gneiting2007proper,"Gneiting, Tilmann and Raftery, Adrian E.",2007,"JASA 102(477), 359-378",10.1198/016214506000001437,PASS,Publisher page title/year/volume/pages/DOI verified.
kuleshov2018calibrated,"Kuleshov, Volodymyr and Fenner, Nathan and Ermon, Stefano",2018,"PMLR 80, 2796-2804",,PASS,PMLR primary proceedings record verified.
ovadia2019uncertainty,"Ovadia, Yaniv and Fertig, Emily and Ren, Jie and Nado, Zachary and Sculley, D. and Nowozin, Sebastian and Dillon, Joshua V. and Lakshminarayanan, Balaji and Snoek, Jasper",2019,"NeurIPS 32, 13991-14002",,PASS,NeurIPS primary proceedings record verified; abbreviated author list.
jiang2026calibration_optimization,"Jiang, Yuan and Li, Jinshan and Yuan, Tinghuan and Wang, Jun and Tang, Bin and Mao, Xinping and Li, Gang and Yuan, Ruihao",2026,"Journal of Materials Informatics 6(1), 4",10.20517/jmi.2025.70,PASS,Publisher article page verified.
deshpande2024online,"Deshpande, Shachi and Marx, Charles and Kuleshov, Volodymyr",2024,"PMLR 238, 1450-1458",,PASS,PMLR primary proceedings record verified.
harish2026objective,"Harish, Krishna",2026,"ACS Omega 11(32), 48692-48699",10.1021/acsomega.6c07482,PASS,PubMed publication record and DOI verified.
thomasmitchell2023calibration,"Thomas-Mitchell, Adam and Hawe, Glenn and Popelier, Paul L. A.",2023,"Machine Learning: Science and Technology 4(4), 045034",10.1088/2632-2153/ad0ab5,PASS,Ulster University publication record and publisher DOI pairing verified; publisher site blocked automated access.
dale2025activelearning,"Dale, Ashley S. and Li, Kangming and DeCost, Brian and Wan, Hao and Han, Yuchen and Fehlis, Yao and Hattrick-Simpers, Jason",2025,arXiv:2511.17760,10.48550/arXiv.2511.17760,PASS,arXiv record verified; retain as a preprint.
nair2026critical,"Nair, Akhil S. and Foppa, Lucas",2026,"Digital Discovery 5(6), 2366-2382",10.1039/d6dd00081a,PASS,RSC publisher metadata verified.
cortesgomez2025utility,"Cortes-Gomez, Santiago and Pati\~{n}o, Carlos Miguel and Byun, Yewon and Wu, Zhiwei Steven and Horvitz, Eric and Wilder, Bryan",2025,International Conference on Learning Representations,,PASS,ICLR primary proceedings record and author/title verified.
ong2013pymatgen,"Ong, Shyue Ping and Richards, William Davidson and Jain, Anubhav and Hautier, Geoffroy and Kocher, Michael and Cholia, Shreyas and Gunter, Dan and Chevrier, Vincent L. and Persson, Kristin A. and Ceder, Gerbrand",2013,"Computational Materials Science 68, 314-319",10.1016/j.commatsci.2012.10.028,PASS,Official pymatgen citation and publisher metadata verified.
