source_location,reference,target,status,correction
manuscript,fig:framework,3,PASS,
manuscript,eq:rank,4,PASS,
manuscript,eq:mag,4,PASS,
manuscript,tab:effects,7,PASS,
manuscript,fig:effects,8,PASS,
manuscript,fig:heterogeneity,9,PASS,
manuscript,fig:mpgapdiagnostic,10,PASS,
manuscript,fig:v2_tail_sensitivity,11,PASS,
supplementary_information,tab:full,3,PASS,
supplementary_information,tab:heterogeneity,4,PASS,
supplementary_information,tab:mace_utility_association,6,PASS,
supplementary_information,fig:calibration,7,PASS,
supplementary_information,fig:decision,7,PASS,
supplementary_information,tab:reliability,8,PASS,
supplementary_information,fig:reliability,8,PASS,
supplementary_information,tab:v2_error_alignment,9,PASS,
supplementary_information,fig:mace_selection,10,PASS,
supplementary_information,fig:primary_seed_distributions,11,PASS,
supplementary_information,tab:selection_displacement,12,PASS,
supplementary_information,tab:alpha_sensitivity,14,PASS,
supplementary_information,tab:v2_tail_effects,16,PASS,
supplementary_information,tab:v2_disagreement,17,PASS,
supplementary_information,tab:v2_calibration,17,PASS,
supplementary_information,tab:v2_mp_gap_diagnostics,18,PASS,
supplementary_information,fig:candidate_tail_enrichment,19,PASS,
supplementary_information,fig:alpha_sensitivity,19,PASS,
supplementary_information,tab:new_candidate_enrichment,20,PASS,
supplementary_information,fig:v2_environment_tail,21,PASS,
supplementary_information,tab:v2_query_quality,21,PASS,
manuscript,Figure S2,SI object number exists,PASS,
manuscript,Figure S5,SI object number exists,PASS,
manuscript,Table S2,SI object number exists,PASS,
manuscript,Table S4,SI object number exists,PASS,
manuscript,Figure S1,SI object number exists,PASS,
manuscript,Figure S3,SI object number exists,PASS,
manuscript,Table S9,SI object number exists,PASS,
manuscript,Table S7,SI object number exists,PASS,
supplementary_information,Figure 4,main figure number,PASS,
