audit_item,source_file,claimed_or_displayed,authoritative_value,status,note
Primary Table 1 rank LOCAL-RAW,tables/primary_effects.csv + manuscript.tex,"Rank & LOCAL $-$ RAW & 0.0190 & [0.0122, 0.0259] & 0.00030 & 31/40 & 40",0.018963513; CI 0.012242488..0.025863890; q=0.000299985; 31/40,PASS,Exact Table 1 row vs frozen summary.
Primary Table 1 rank LOCAL-PERMUTED,tables/primary_effects.csv + manuscript.tex,"Rank & LOCAL $-$ PERMUTED & 0.0665 & [0.0594, 0.0736] & 0.00030 & 40/40 & 40",0.066481923; CI 0.059379969..0.073640285; q=0.000299985; 40/40,PASS,Exact Table 1 row vs frozen summary.
Primary Table 1 rank LOCAL-MATCHED,tables/primary_effects.csv + manuscript.tex,"Rank & LOCAL $-$ MATCHED & 0.0131 & [0.0058, 0.0207] & 0.00180 & 27/40 & 40",0.013109646; CI 0.005786783..0.020719399; q=0.001799910; 27/40,PASS,Exact Table 1 row vs frozen summary.
Primary Table 1 magnitude LOCAL-RAW,tables/primary_effects.csv + manuscript.tex,"Magnitude & LOCAL $-$ RAW & 0.0144 & [0.0083, 0.0206] & 0.00030 & 29/40 & 40",0.014440837; CI 0.008274112..0.020593517; q=0.000299985; 29/40,PASS,Exact Table 1 row vs frozen summary.
Primary Table 1 magnitude LOCAL-PERMUTED,tables/primary_effects.csv + manuscript.tex,"Magnitude & LOCAL $-$ PERMUTED & 0.0157 & [0.0102, 0.0210] & 0.00030 & 33/40 & 40",0.015678566; CI 0.010216692..0.020957928; q=0.000299985; 33/40,PASS,Exact Table 1 row vs frozen summary.
Primary Table 1 magnitude LOCAL-MATCHED,tables/primary_effects.csv + manuscript.tex,"Magnitude & LOCAL $-$ MATCHED & 0.0147 & [0.0104, 0.0192] & 0.00030 & 35/40 & 40",0.014695824; CI 0.010356614..0.019227122; q=0.000299985; 35/40,PASS,Exact Table 1 row vs frozen summary.
Fixed environment matbench_expt_gap/chemical_system_ood,tables/environment_effects.csv + supplementary_information.tex,\texttt{expt\_gap} & Chemical OOD & 0.00824 & 22/40 & 0.00819 & 26/40,rank=0.008237092 (22/40); magnitude=0.008190994 (26/40),PASS,Compared with SI heterogeneity table; fixed environments are descriptive.
Fixed environment matbench_expt_gap/iid_record,tables/environment_effects.csv + supplementary_information.tex,\texttt{expt\_gap} & IID & 0.01565 & 27/40 & 0.01256 & 27/40,rank=0.015645219 (27/40); magnitude=0.012559039 (27/40),PASS,Compared with SI heterogeneity table; fixed environments are descriptive.
Fixed environment matbench_log_gvrh/chemical_system_ood,tables/environment_effects.csv + supplementary_information.tex,\texttt{log\_gvrh} & Chemical OOD & 0.03280 & 25/40 & 0.02493 & 25/40,rank=0.032796190 (25/40); magnitude=0.024934330 (25/40),PASS,Compared with SI heterogeneity table; fixed environments are descriptive.
Fixed environment matbench_log_gvrh/iid_record,tables/environment_effects.csv + supplementary_information.tex,\texttt{log\_gvrh} & IID & 0.03044 & 29/40 & 0.02146 & 27/40,rank=0.030444466 (29/40); magnitude=0.021459812 (27/40),PASS,Compared with SI heterogeneity table; fixed environments are descriptive.
Fixed environment matbench_log_kvrh/chemical_system_ood,tables/environment_effects.csv + supplementary_information.tex,\texttt{log\_kvrh} & Chemical OOD & 0.06382 & 29/40 & 0.03498 & 29/40,rank=0.063823027 (29/40); magnitude=0.034983274 (29/40),PASS,Compared with SI heterogeneity table; fixed environments are descriptive.
Fixed environment matbench_log_kvrh/iid_record,tables/environment_effects.csv + supplementary_information.tex,\texttt{log\_kvrh} & IID & 0.07365 & 34/40 & 0.02464 & 26/40,rank=0.073645812 (34/40); magnitude=0.024639592 (26/40),PASS,Compared with SI heterogeneity table; fixed environments are descriptive.
Fixed environment matbench_mp_gap/chemical_system_ood,tables/environment_effects.csv + supplementary_information.tex,\texttt{mp\_gap} & Chemical OOD & $-$0.03465 & 9/40 & $-$0.00929 & 16/40,rank=-0.034651654 (9/40); magnitude=-0.009286035 (16/40),PASS,Compared with SI heterogeneity table; fixed environments are descriptive.
Fixed environment matbench_mp_gap/iid_record,tables/environment_effects.csv + supplementary_information.tex,\texttt{mp\_gap} & IID & $-$0.03823 & 3/40 & $-$0.00195 & 17/40,rank=-0.038232045 (3/40); magnitude=-0.001954311 (17/40),PASS,Compared with SI heterogeneity table; fixed environments are descriptive.
V2 pooled magnitude top 0.5%,..\\MLST_V2_robustness_20260926\\tables\\v2_seed_level_tail_effects.csv,+0.0183; 16/20 positive,0.018347345; n=20,PASS,Equal weight over eight fixed environments per seed; descriptive only.
V2 pooled magnitude top 1%,..\\MLST_V2_robustness_20260926\\tables\\v2_seed_level_tail_effects.csv,+0.0149; 16/20 positive,0.014891808; n=20,PASS,Equal weight over eight fixed environments per seed; descriptive only.
V2 pooled magnitude top 5%,..\\MLST_V2_robustness_20260926\\tables\\v2_seed_level_tail_effects.csv,-0.0111; 5/20 positive,-0.011083870; n=20,PASS,Equal weight over eight fixed environments per seed; descriptive only.
V2 pooled rank top 0.5%,..\\MLST_V2_robustness_20260926\\tables\\v2_seed_level_tail_effects.csv,-0.0002; 9/20 positive,-0.000201187; n=20,PASS,Equal weight over eight fixed environments per seed; descriptive only.
V2 pooled rank top 1%,..\\MLST_V2_robustness_20260926\\tables\\v2_seed_level_tail_effects.csv,+0.0057; 13/20 positive,0.005746547; n=20,PASS,Equal weight over eight fixed environments per seed; descriptive only.
V2 pooled rank top 5%,..\\MLST_V2_robustness_20260926\\tables\\v2_seed_level_tail_effects.csv,+0.0158; 17/20 positive,0.015789251; n=20,PASS,Equal weight over eight fixed environments per seed; descriptive only.
Alpha pooled top1 rank alpha=0.25,alpha_sensitivity_main/alpha_sensitivity_pooled_summary.csv,-0.0031,-0.003085232,PASS,Compared with main Results; alpha=0.50 remains frozen.
Alpha pooled top1 rank alpha=0.5,alpha_sensitivity_main/alpha_sensitivity_pooled_summary.csv,-0.0121,-0.012092800,PASS,Compared with main Results; alpha=0.50 remains frozen.
Alpha pooled top1 rank alpha=0.75,alpha_sensitivity_main/alpha_sensitivity_pooled_summary.csv,-0.0181,-0.018050142,PASS,Compared with main Results; alpha=0.50 remains frozen.
Alpha pooled top1 rank alpha=1,alpha_sensitivity_main/alpha_sensitivity_pooled_summary.csv,-0.0163,-0.016288382,PASS,Compared with main Results; alpha=0.50 remains frozen.
Alpha pooled top5 rank range,alpha_sensitivity_main/alpha_sensitivity_pooled_summary.csv,+0.0138 to +0.0222,a=0.25:+0.013762253; a=0.5:+0.019128163; a=0.75:+0.020870190; a=1:+0.022156094,PASS,Compared with Results; descriptive only.
Alpha pooled top1 magnitude alpha=0.25,alpha_sensitivity_main/alpha_sensitivity_pooled_summary.csv,+0.0026,0.002572811,PASS,Compared with main Results; alpha=0.50 remains frozen.
Alpha pooled top1 magnitude alpha=0.5,alpha_sensitivity_main/alpha_sensitivity_pooled_summary.csv,+0.0121,0.012081099,PASS,Compared with main Results; alpha=0.50 remains frozen.
Alpha pooled top1 magnitude alpha=0.75,alpha_sensitivity_main/alpha_sensitivity_pooled_summary.csv,-0.0121,-0.012083373,PASS,Compared with main Results; alpha=0.50 remains frozen.
Alpha pooled top1 magnitude alpha=1,alpha_sensitivity_main/alpha_sensitivity_pooled_summary.csv,-0.0450,-0.045003164,PASS,Compared with main Results; alpha=0.50 remains frozen.
Alpha pooled top5 magnitude range,alpha_sensitivity_main/alpha_sensitivity_pooled_summary.csv,from -0.0008 to -0.0605,a=0.25:-0.000826446; a=0.5:-0.004503464; a=0.75:-0.026353845; a=1:-0.060513157,PASS,Compared with Results; descriptive only.
Alpha SI matbench_expt_gap/iid_record/magnitude/0p5/a0.25,alpha_sensitivity_main/alpha_sensitivity_summary.csv + alpha_sensitivity_main/alpha_sensitivity_table.tex,"0.25 & Expt gap & IID & Magnitude & 0.5\% & -0.015 & 0.041 & [-0.127, +0.065] & 7/20",mean=-0.015181806; SD=0.040529120; range=-0.127393892..0.065217391; positive=7/20,PASS,All environment-level alpha rows compared with SI table.
Alpha SI matbench_expt_gap/iid_record/magnitude/1/a0.25,alpha_sensitivity_main/alpha_sensitivity_summary.csv + alpha_sensitivity_main/alpha_sensitivity_table.tex,"0.25 & Expt gap & IID & Magnitude & 1\% & -0.026 & 0.043 & [-0.138, +0.068] & 4/20",mean=-0.025566123; SD=0.043185596; range=-0.137551760..0.067805383; positive=4/20,PASS,All environment-level alpha rows compared with SI table.
Alpha SI matbench_expt_gap/iid_record/magnitude/5/a0.25,alpha_sensitivity_main/alpha_sensitivity_summary.csv + alpha_sensitivity_main/alpha_sensitivity_table.tex,"0.25 & Expt gap & IID & Magnitude & 5\% & -0.002 & 0.036 & [-0.132, +0.060] & 12/20",mean=-0.001998293; SD=0.036277776; range=-0.132272443..0.060284381; positive=12/20,PASS,All environment-level alpha rows compared with SI table.
Alpha SI matbench_expt_gap/iid_record/rank/0p5/a0.25,alpha_sensitivity_main/alpha_sensitivity_summary.csv + alpha_sensitivity_main/alpha_sensitivity_table.tex,"0.25 & Expt gap & IID & Rank & 0.5\% & -0.034 & 0.073 & [-0.197, +0.047] & 7/20",mean=-0.033572723; SD=0.072991614; range=-0.196557971..0.046713251; positive=7/20,PASS,All environment-level alpha rows compared with SI table.
Alpha SI matbench_expt_gap/iid_record/rank/1/a0.25,alpha_sensitivity_main/alpha_sensitivity_summary.csv + alpha_sensitivity_main/alpha_sensitivity_table.tex,"0.25 & Expt gap & IID & Rank & 1\% & -0.020 & 0.048 & [-0.109, +0.102] & 5/20",mean=-0.020333527; SD=0.048133017; range=-0.109051501..0.101708075; positive=5/20,PASS,All environment-level alpha rows compared with SI table.
Alpha SI matbench_expt_gap/iid_record/rank/5/a0.25,alpha_sensitivity_main/alpha_sensitivity_summary.csv + alpha_sensitivity_main/alpha_sensitivity_table.tex,"0.25 & Expt gap & IID & Rank & 5\% & +0.007 & 0.029 & [-0.029, +0.079] & 11/20",mean=0.007443828; SD=0.029053510; range=-0.029441664..0.079136691; positive=11/20,PASS,All environment-level alpha rows compared with SI table.
Alpha SI matbench_log_kvrh/chemical_system_ood/magnitude/0p5/a0.25,alpha_sensitivity_main/alpha_sensitivity_summary.csv + alpha_sensitivity_main/alpha_sensitivity_table.tex,"0.25 & Log bulk (KVRH) & chem OOD & Magnitude & 0.5\% & +0.035 & 0.070 & [-0.124, +0.177] & 16/20",mean=0.034705936; SD=0.069533254; range=-0.123833172..0.177415276; positive=16/20,PASS,All environment-level alpha rows compared with SI table.
Alpha SI matbench_log_kvrh/chemical_system_ood/magnitude/1/a0.25,alpha_sensitivity_main/alpha_sensitivity_summary.csv + alpha_sensitivity_main/alpha_sensitivity_table.tex,"0.25 & Log bulk (KVRH) & chem OOD & Magnitude & 1\% & +0.035 & 0.065 & [-0.128, +0.172] & 16/20",mean=0.034518267; SD=0.065417031; range=-0.127655539..0.172040971; positive=16/20,PASS,All environment-level alpha rows compared with SI table.
Alpha SI matbench_log_kvrh/chemical_system_ood/magnitude/5/a0.25,alpha_sensitivity_main/alpha_sensitivity_summary.csv + alpha_sensitivity_main/alpha_sensitivity_table.tex,"0.25 & Log bulk (KVRH) & chem OOD & Magnitude & 5\% & -0.016 & 0.055 & [-0.140, +0.082] & 9/20",mean=-0.016094461; SD=0.055215068; range=-0.139524992..0.082432060; positive=9/20,PASS,All environment-level alpha rows compared with SI table.
Alpha SI matbench_log_kvrh/chemical_system_ood/rank/0p5/a0.25,alpha_sensitivity_main/alpha_sensitivity_summary.csv + alpha_sensitivity_main/alpha_sensitivity_table.tex,"0.25 & Log bulk (KVRH) & chem OOD & Rank & 0.5\% & +0.056 & 0.108 & [-0.090, +0.287] & 11/20",mean=0.055688716; SD=0.107512268; range=-0.089805490..0.286809675; positive=11/20,PASS,All environment-level alpha rows compared with SI table.
Alpha SI matbench_log_kvrh/chemical_system_ood/rank/1/a0.25,alpha_sensitivity_main/alpha_sensitivity_summary.csv + alpha_sensitivity_main/alpha_sensitivity_table.tex,"0.25 & Log bulk (KVRH) & chem OOD & Rank & 1\% & +0.053 & 0.086 & [-0.044, +0.263] & 14/20",mean=0.052644618; SD=0.086117368; range=-0.043655447..0.263300685; positive=14/20,PASS,All environment-level alpha rows compared with SI table.
Alpha SI matbench_log_kvrh/chemical_system_ood/rank/5/a0.25,alpha_sensitivity_main/alpha_sensitivity_summary.csv + alpha_sensitivity_main/alpha_sensitivity_table.tex,"0.25 & Log bulk (KVRH) & chem OOD & Rank & 5\% & +0.021 & 0.040 & [-0.038, +0.112] & 14/20",mean=0.021064687; SD=0.039570650; range=-0.038136295..0.112305146; positive=14/20,PASS,All environment-level alpha rows compared with SI table.
Alpha SI matbench_mp_gap/chemical_system_ood/magnitude/0p5/a0.25,alpha_sensitivity_main/alpha_sensitivity_summary.csv + alpha_sensitivity_main/alpha_sensitivity_table.tex,"0.25 & MP gap & chem OOD & Magnitude & 0.5\% & -0.004 & 0.029 & [-0.078, +0.045] & 10/20",mean=-0.004401959; SD=0.029446867; range=-0.077770715..0.045072604; positive=10/20,PASS,All environment-level alpha rows compared with SI table.
Alpha SI matbench_mp_gap/chemical_system_ood/magnitude/1/a0.25,alpha_sensitivity_main/alpha_sensitivity_summary.csv + alpha_sensitivity_main/alpha_sensitivity_table.tex,"0.25 & MP gap & chem OOD & Magnitude & 1\% & -0.000 & 0.040 & [-0.087, +0.056] & 11/20",mean=-0.000432999; SD=0.040247252; range=-0.086996234..0.056059699; positive=11/20,PASS,All environment-level alpha rows compared with SI table.
Alpha SI matbench_mp_gap/chemical_system_ood/magnitude/5/a0.25,alpha_sensitivity_main/alpha_sensitivity_summary.csv + alpha_sensitivity_main/alpha_sensitivity_table.tex,"0.25 & MP gap & chem OOD & Magnitude & 5\% & +0.005 & 0.032 & [-0.048, +0.058] & 12/20",mean=0.004642065; SD=0.031815896; range=-0.048425843..0.057892989; positive=12/20,PASS,All environment-level alpha rows compared with SI table.
Alpha SI matbench_mp_gap/chemical_system_ood/rank/0p5/a0.25,alpha_sensitivity_main/alpha_sensitivity_summary.csv + alpha_sensitivity_main/alpha_sensitivity_table.tex,"0.25 & MP gap & chem OOD & Rank & 0.5\% & -0.039 & 0.036 & [-0.102, +0.017] & 2/20",mean=-0.039087431; SD=0.035577373; range=-0.102200783..0.016922705; positive=2/20,PASS,All environment-level alpha rows compared with SI table.
Alpha SI matbench_mp_gap/chemical_system_ood/rank/1/a0.25,alpha_sensitivity_main/alpha_sensitivity_summary.csv + alpha_sensitivity_main/alpha_sensitivity_table.tex,"0.25 & MP gap & chem OOD & Rank & 1\% & -0.027 & 0.034 & [-0.086, +0.030] & 4/20",mean=-0.026670468; SD=0.034300333; range=-0.086086483..0.029529592; positive=4/20,PASS,All environment-level alpha rows compared with SI table.
Alpha SI matbench_mp_gap/chemical_system_ood/rank/5/a0.25,alpha_sensitivity_main/alpha_sensitivity_summary.csv + alpha_sensitivity_main/alpha_sensitivity_table.tex,"0.25 & MP gap & chem OOD & Rank & 5\% & +0.012 & 0.029 & [-0.047, +0.054] & 13/20",mean=0.011690612; SD=0.029419634; range=-0.047197098..0.054444345; positive=13/20,PASS,All environment-level alpha rows compared with SI table.
Alpha SI matbench_mp_gap/iid_record/magnitude/0p5/a0.25,alpha_sensitivity_main/alpha_sensitivity_summary.csv + alpha_sensitivity_main/alpha_sensitivity_table.tex,"0.25 & MP gap & IID & Magnitude & 0.5\% & -0.004 & 0.015 & [-0.033, +0.027] & 7/20",mean=-0.004066698; SD=0.014673024; range=-0.032875723..0.026662879; positive=7/20,PASS,All environment-level alpha rows compared with SI table.
Alpha SI matbench_mp_gap/iid_record/magnitude/1/a0.25,alpha_sensitivity_main/alpha_sensitivity_summary.csv + alpha_sensitivity_main/alpha_sensitivity_table.tex,"0.25 & MP gap & IID & Magnitude & 1\% & +0.002 & 0.011 & [-0.026, +0.019] & 12/20",mean=0.001772101; SD=0.011369319; range=-0.025976705..0.019303788; positive=12/20,PASS,All environment-level alpha rows compared with SI table.
Alpha SI matbench_mp_gap/iid_record/magnitude/5/a0.25,alpha_sensitivity_main/alpha_sensitivity_summary.csv + alpha_sensitivity_main/alpha_sensitivity_table.tex,"0.25 & MP gap & IID & Magnitude & 5\% & +0.010 & 0.009 & [-0.008, +0.028] & 19/20",mean=0.010144907; SD=0.009122147; range=-0.008138610..0.027802145; positive=19/20,PASS,All environment-level alpha rows compared with SI table.
Alpha SI matbench_mp_gap/iid_record/rank/0p5/a0.25,alpha_sensitivity_main/alpha_sensitivity_summary.csv + alpha_sensitivity_main/alpha_sensitivity_table.tex,"0.25 & MP gap & IID & Rank & 0.5\% & -0.031 & 0.021 & [-0.071, +0.017] & 1/20",mean=-0.031314271; SD=0.020800588; range=-0.071287502..0.016596472; positive=1/20,PASS,All environment-level alpha rows compared with SI table.
Alpha SI matbench_mp_gap/iid_record/rank/1/a0.25,alpha_sensitivity_main/alpha_sensitivity_summary.csv + alpha_sensitivity_main/alpha_sensitivity_table.tex,"0.25 & MP gap & IID & Rank & 1\% & -0.018 & 0.024 & [-0.060, +0.021] & 5/20",mean=-0.017981549; SD=0.024031712; range=-0.060022222..0.021159188; positive=5/20,PASS,All environment-level alpha rows compared with SI table.
Alpha SI matbench_mp_gap/iid_record/rank/5/a0.25,alpha_sensitivity_main/alpha_sensitivity_summary.csv + alpha_sensitivity_main/alpha_sensitivity_table.tex,"0.25 & MP gap & IID & Rank & 5\% & +0.015 & 0.014 & [-0.006, +0.040] & 17/20",mean=0.014849887; SD=0.014318883; range=-0.005662911..0.040313876; positive=17/20,PASS,All environment-level alpha rows compared with SI table.
Alpha SI matbench_expt_gap/iid_record/magnitude/0p5/a0.5,alpha_sensitivity_main/alpha_sensitivity_summary.csv + alpha_sensitivity_main/alpha_sensitivity_table.tex,"0.50 & Expt gap & IID & Magnitude & 0.5\% & +0.024 & 0.081 & [-0.134, +0.183] & 11/20",mean=0.023790114; SD=0.081070269; range=-0.134122671..0.182647516; positive=11/20,PASS,All environment-level alpha rows compared with SI table.
Alpha SI matbench_expt_gap/iid_record/magnitude/1/a0.5,alpha_sensitivity_main/alpha_sensitivity_summary.csv + alpha_sensitivity_main/alpha_sensitivity_table.tex,"0.50 & Expt gap & IID & Magnitude & 1\% & +0.020 & 0.058 & [-0.074, +0.169] & 14/20",mean=0.020095756; SD=0.057875876; range=-0.074340062..0.169416408; positive=14/20,PASS,All environment-level alpha rows compared with SI table.
Alpha SI matbench_expt_gap/iid_record/magnitude/5/a0.5,alpha_sensitivity_main/alpha_sensitivity_summary.csv + alpha_sensitivity_main/alpha_sensitivity_table.tex,"0.50 & Expt gap & IID & Magnitude & 5\% & +0.017 & 0.040 & [-0.080, +0.110] & 15/20",mean=0.016993796; SD=0.039596736; range=-0.079644980..0.110109738; positive=15/20,PASS,All environment-level alpha rows compared with SI table.
Alpha SI matbench_expt_gap/iid_record/rank/0p5/a0.5,alpha_sensitivity_main/alpha_sensitivity_summary.csv + alpha_sensitivity_main/alpha_sensitivity_table.tex,"0.50 & Expt gap & IID & Rank & 0.5\% & -0.035 & 0.064 & [-0.188, +0.092] & 6/20",mean=-0.034666149; SD=0.064041497; range=-0.188211698..0.092326605; positive=6/20,PASS,All environment-level alpha rows compared with SI table.
Alpha SI matbench_expt_gap/iid_record/rank/1/a0.5,alpha_sensitivity_main/alpha_sensitivity_summary.csv + alpha_sensitivity_main/alpha_sensitivity_table.tex,"0.50 & Expt gap & IID & Rank & 1\% & -0.024 & 0.040 & [-0.094, +0.044] & 5/20",mean=-0.024225220; SD=0.040182760; range=-0.094170549..0.043672360; positive=5/20,PASS,All environment-level alpha rows compared with SI table.
Alpha SI matbench_expt_gap/iid_record/rank/5/a0.5,alpha_sensitivity_main/alpha_sensitivity_summary.csv + alpha_sensitivity_main/alpha_sensitivity_table.tex,"0.50 & Expt gap & IID & Rank & 5\% & +0.009 & 0.032 & [-0.048, +0.099] & 15/20",mean=0.009486758; SD=0.032120118; range=-0.048118027..0.099031644; positive=15/20,PASS,All environment-level alpha rows compared with SI table.
Alpha SI matbench_log_kvrh/chemical_system_ood/magnitude/0p5/a0.5,alpha_sensitivity_main/alpha_sensitivity_summary.csv + alpha_sensitivity_main/alpha_sensitivity_table.tex,"0.50 & Log bulk (KVRH) & chem OOD & Magnitude & 0.5\% & +0.050 & 0.074 & [-0.155, +0.185] & 17/20",mean=0.050087368; SD=0.074110148; range=-0.154745482..0.184600175; positive=17/20,PASS,All environment-level alpha rows compared with SI table.
Alpha SI matbench_log_kvrh/chemical_system_ood/magnitude/1/a0.5,alpha_sensitivity_main/alpha_sensitivity_summary.csv + alpha_sensitivity_main/alpha_sensitivity_table.tex,"0.50 & Log bulk (KVRH) & chem OOD & Magnitude & 1\% & +0.042 & 0.080 & [-0.160, +0.172] & 17/20",mean=0.041817837; SD=0.079876601; range=-0.160487653..0.171874282; positive=17/20,PASS,All environment-level alpha rows compared with SI table.
Alpha SI matbench_log_kvrh/chemical_system_ood/magnitude/5/a0.5,alpha_sensitivity_main/alpha_sensitivity_summary.csv + alpha_sensitivity_main/alpha_sensitivity_table.tex,"0.50 & Log bulk (KVRH) & chem OOD & Magnitude & 5\% & -0.044 & 0.070 & [-0.176, +0.068] & 6/20",mean=-0.044149021; SD=0.070444184; range=-0.176397894..0.067601278; positive=6/20,PASS,All environment-level alpha rows compared with SI table.
Alpha SI matbench_log_kvrh/chemical_system_ood/rank/0p5/a0.5,alpha_sensitivity_main/alpha_sensitivity_summary.csv + alpha_sensitivity_main/alpha_sensitivity_table.tex,"0.50 & Log bulk (KVRH) & chem OOD & Rank & 0.5\% & +0.068 & 0.155 & [-0.278, +0.333] & 14/20",mean=0.068300800; SD=0.154820983; range=-0.278360234..0.333379317; positive=14/20,PASS,All environment-level alpha rows compared with SI table.
Alpha SI matbench_log_kvrh/chemical_system_ood/rank/1/a0.5,alpha_sensitivity_main/alpha_sensitivity_summary.csv + alpha_sensitivity_main/alpha_sensitivity_table.tex,"0.50 & Log bulk (KVRH) & chem OOD & Rank & 1\% & +0.057 & 0.119 & [-0.268, +0.248] & 15/20",mean=0.057225422; SD=0.119249795; range=-0.267502414..0.248097439; positive=15/20,PASS,All environment-level alpha rows compared with SI table.
Alpha SI matbench_log_kvrh/chemical_system_ood/rank/5/a0.5,alpha_sensitivity_main/alpha_sensitivity_summary.csv + alpha_sensitivity_main/alpha_sensitivity_table.tex,"0.50 & Log bulk (KVRH) & chem OOD & Rank & 5\% & +0.034 & 0.059 & [-0.137, +0.135] & 16/20",mean=0.033707063; SD=0.058581095; range=-0.136852210..0.134804801; positive=16/20,PASS,All environment-level alpha rows compared with SI table.
Alpha SI matbench_mp_gap/chemical_system_ood/magnitude/0p5/a0.5,alpha_sensitivity_main/alpha_sensitivity_summary.csv + alpha_sensitivity_main/alpha_sensitivity_table.tex,"0.50 & MP gap & chem OOD & Magnitude & 0.5\% & -0.019 & 0.039 & [-0.086, +0.044] & 6/20",mean=-0.018923200; SD=0.039236276; range=-0.086389189..0.043902779; positive=6/20,PASS,All environment-level alpha rows compared with SI table.
Alpha SI matbench_mp_gap/chemical_system_ood/magnitude/1/a0.5,alpha_sensitivity_main/alpha_sensitivity_summary.csv + alpha_sensitivity_main/alpha_sensitivity_table.tex,"0.50 & MP gap & chem OOD & Magnitude & 1\% & -0.008 & 0.049 & [-0.091, +0.061] & 8/20",mean=-0.008340056; SD=0.048572476; range=-0.090795319..0.060633913; positive=8/20,PASS,All environment-level alpha rows compared with SI table.
Alpha SI matbench_mp_gap/chemical_system_ood/magnitude/5/a0.5,alpha_sensitivity_main/alpha_sensitivity_summary.csv + alpha_sensitivity_main/alpha_sensitivity_table.tex,"0.50 & MP gap & chem OOD & Magnitude & 5\% & +0.002 & 0.039 & [-0.064, +0.080] & 10/20",mean=0.002391181; SD=0.039401719; range=-0.063762065..0.079662795; positive=10/20,PASS,All environment-level alpha rows compared with SI table.
Alpha SI matbench_mp_gap/chemical_system_ood/rank/0p5/a0.5,alpha_sensitivity_main/alpha_sensitivity_summary.csv + alpha_sensitivity_main/alpha_sensitivity_table.tex,"0.50 & MP gap & chem OOD & Rank & 0.5\% & -0.071 & 0.048 & [-0.162, +0.026] & 2/20",mean=-0.070673481; SD=0.048259933; range=-0.161732370..0.026464583; positive=2/20,PASS,All environment-level alpha rows compared with SI table.
Alpha SI matbench_mp_gap/chemical_system_ood/rank/1/a0.5,alpha_sensitivity_main/alpha_sensitivity_summary.csv + alpha_sensitivity_main/alpha_sensitivity_table.tex,"0.50 & MP gap & chem OOD & Rank & 1\% & -0.040 & 0.052 & [-0.141, +0.086] & 2/20",mean=-0.040180684; SD=0.051549846; range=-0.140759580..0.085541273; positive=2/20,PASS,All environment-level alpha rows compared with SI table.
Alpha SI matbench_mp_gap/chemical_system_ood/rank/5/a0.5,alpha_sensitivity_main/alpha_sensitivity_summary.csv + alpha_sensitivity_main/alpha_sensitivity_table.tex,"0.50 & MP gap & chem OOD & Rank & 5\% & +0.018 & 0.038 & [-0.041, +0.096] & 16/20",mean=0.017958106; SD=0.037948826; range=-0.040893901..0.095831364; positive=16/20,PASS,All environment-level alpha rows compared with SI table.
Alpha SI matbench_mp_gap/iid_record/magnitude/0p5/a0.5,alpha_sensitivity_main/alpha_sensitivity_summary.csv + alpha_sensitivity_main/alpha_sensitivity_table.tex,"0.50 & MP gap & IID & Magnitude & 0.5\% & -0.016 & 0.027 & [-0.057, +0.029] & 7/20",mean=-0.016275496; SD=0.026962255; range=-0.056713395..0.029460142; positive=7/20,PASS,All environment-level alpha rows compared with SI table.
Alpha SI matbench_mp_gap/iid_record/magnitude/1/a0.5,alpha_sensitivity_main/alpha_sensitivity_summary.csv + alpha_sensitivity_main/alpha_sensitivity_table.tex,"0.50 & MP gap & IID & Magnitude & 1\% & -0.005 & 0.018 & [-0.039, +0.019] & 7/20",mean=-0.005249139; SD=0.018113299; range=-0.038952851..0.018967143; positive=7/20,PASS,All environment-level alpha rows compared with SI table.
Alpha SI matbench_mp_gap/iid_record/magnitude/5/a0.5,alpha_sensitivity_main/alpha_sensitivity_summary.csv + alpha_sensitivity_main/alpha_sensitivity_table.tex,"0.50 & MP gap & IID & Magnitude & 5\% & +0.007 & 0.012 & [-0.026, +0.020] & 15/20",mean=0.006750186; SD=0.012222407; range=-0.026389248..0.020319918; positive=15/20,PASS,All environment-level alpha rows compared with SI table.
Alpha SI matbench_mp_gap/iid_record/rank/0p5/a0.5,alpha_sensitivity_main/alpha_sensitivity_summary.csv + alpha_sensitivity_main/alpha_sensitivity_table.tex,"0.50 & MP gap & IID & Rank & 0.5\% & -0.067 & 0.037 & [-0.155, +0.011] & 1/20",mean=-0.066954335; SD=0.036717473; range=-0.155031960..0.010856075; positive=1/20,PASS,All environment-level alpha rows compared with SI table.
Alpha SI matbench_mp_gap/iid_record/rank/1/a0.5,alpha_sensitivity_main/alpha_sensitivity_summary.csv + alpha_sensitivity_main/alpha_sensitivity_table.tex,"0.50 & MP gap & IID & Rank & 1\% & -0.041 & 0.035 & [-0.132, +0.020] & 3/20",mean=-0.041190717; SD=0.035266677; range=-0.131731033..0.019635008; positive=3/20,PASS,All environment-level alpha rows compared with SI table.
Alpha SI matbench_mp_gap/iid_record/rank/5/a0.5,alpha_sensitivity_main/alpha_sensitivity_summary.csv + alpha_sensitivity_main/alpha_sensitivity_table.tex,"0.50 & MP gap & IID & Rank & 5\% & +0.015 & 0.017 & [-0.020, +0.038] & 16/20",mean=0.015360726; SD=0.016657222; range=-0.020462856..0.037765079; positive=16/20,PASS,All environment-level alpha rows compared with SI table.
Alpha SI matbench_expt_gap/iid_record/magnitude/0p5/a0.75,alpha_sensitivity_main/alpha_sensitivity_summary.csv + alpha_sensitivity_main/alpha_sensitivity_table.tex,"0.75 & Expt gap & IID & Magnitude & 0.5\% & +0.038 & 0.096 & [-0.146, +0.256] & 13/20",mean=0.037639105; SD=0.095692576; range=-0.145898033..0.256340580; positive=13/20,PASS,All environment-level alpha rows compared with SI table.
Alpha SI matbench_expt_gap/iid_record/magnitude/1/a0.75,alpha_sensitivity_main/alpha_sensitivity_summary.csv + alpha_sensitivity_main/alpha_sensitivity_table.tex,"0.75 & Expt gap & IID & Magnitude & 1\% & +0.025 & 0.065 & [-0.086, +0.154] & 12/20",mean=0.025376876; SD=0.064665761; range=-0.085824275..0.154276656; positive=12/20,PASS,All environment-level alpha rows compared with SI table.
Alpha SI matbench_expt_gap/iid_record/magnitude/5/a0.75,alpha_sensitivity_main/alpha_sensitivity_summary.csv + alpha_sensitivity_main/alpha_sensitivity_table.tex,"0.75 & Expt gap & IID & Magnitude & 5\% & +0.015 & 0.054 & [-0.061, +0.175] & 12/20",mean=0.014514258; SD=0.053675340; range=-0.061392191..0.174597279; positive=12/20,PASS,All environment-level alpha rows compared with SI table.
Alpha SI matbench_expt_gap/iid_record/rank/0p5/a0.75,alpha_sensitivity_main/alpha_sensitivity_summary.csv + alpha_sensitivity_main/alpha_sensitivity_table.tex,"0.75 & Expt gap & IID & Rank & 0.5\% & -0.039 & 0.093 & [-0.243, +0.150] & 6/20",mean=-0.039492754; SD=0.093305551; range=-0.242559524..0.149521222; positive=6/20,PASS,All environment-level alpha rows compared with SI table.
Alpha SI matbench_expt_gap/iid_record/rank/1/a0.75,alpha_sensitivity_main/alpha_sensitivity_summary.csv + alpha_sensitivity_main/alpha_sensitivity_table.tex,"0.75 & Expt gap & IID & Rank & 1\% & -0.033 & 0.064 & [-0.129, +0.075] & 7/20",mean=-0.033203934; SD=0.063678080; range=-0.128720238..0.074663561; positive=7/20,PASS,All environment-level alpha rows compared with SI table.
Alpha SI matbench_expt_gap/iid_record/rank/5/a0.75,alpha_sensitivity_main/alpha_sensitivity_summary.csv + alpha_sensitivity_main/alpha_sensitivity_table.tex,"0.75 & Expt gap & IID & Rank & 5\% & +0.007 & 0.034 & [-0.065, +0.081] & 13/20",mean=0.007135922; SD=0.033931989; range=-0.064578772..0.081463090; positive=13/20,PASS,All environment-level alpha rows compared with SI table.
Alpha SI matbench_log_kvrh/chemical_system_ood/magnitude/0p5/a0.75,alpha_sensitivity_main/alpha_sensitivity_summary.csv + alpha_sensitivity_main/alpha_sensitivity_table.tex,"0.75 & Log bulk (KVRH) & chem OOD & Magnitude & 0.5\% & +0.006 & 0.127 & [-0.339, +0.232] & 12/20",mean=0.005867476; SD=0.126647200; range=-0.339035269..0.231790592; positive=12/20,PASS,All environment-level alpha rows compared with SI table.
Alpha SI matbench_log_kvrh/chemical_system_ood/magnitude/1/a0.75,alpha_sensitivity_main/alpha_sensitivity_summary.csv + alpha_sensitivity_main/alpha_sensitivity_table.tex,"0.75 & Log bulk (KVRH) & chem OOD & Magnitude & 1\% & -0.023 & 0.119 & [-0.357, +0.179] & 9/20",mean=-0.022952591; SD=0.119160585; range=-0.357302157..0.178921231; positive=9/20,PASS,All environment-level alpha rows compared with SI table.
Alpha SI matbench_log_kvrh/chemical_system_ood/magnitude/5/a0.75,alpha_sensitivity_main/alpha_sensitivity_summary.csv + alpha_sensitivity_main/alpha_sensitivity_table.tex,"0.75 & Log bulk (KVRH) & chem OOD & Magnitude & 5\% & -0.095 & 0.090 & [-0.291, +0.033] & 4/20",mean=-0.094879236; SD=0.090382944; range=-0.290745850..0.032593001; positive=4/20,PASS,All environment-level alpha rows compared with SI table.
Alpha SI matbench_log_kvrh/chemical_system_ood/rank/0p5/a0.75,alpha_sensitivity_main/alpha_sensitivity_summary.csv + alpha_sensitivity_main/alpha_sensitivity_table.tex,"0.75 & Log bulk (KVRH) & chem OOD & Rank & 0.5\% & +0.052 & 0.143 & [-0.176, +0.381] & 11/20",mean=0.052388260; SD=0.143475914; range=-0.176357659..0.381247988; positive=11/20,PASS,All environment-level alpha rows compared with SI table.
Alpha SI matbench_log_kvrh/chemical_system_ood/rank/1/a0.75,alpha_sensitivity_main/alpha_sensitivity_summary.csv + alpha_sensitivity_main/alpha_sensitivity_table.tex,"0.75 & Log bulk (KVRH) & chem OOD & Rank & 1\% & +0.058 & 0.106 & [-0.181, +0.238] & 14/20",mean=0.058455477; SD=0.105677472; range=-0.180950246..0.238458178; positive=14/20,PASS,All environment-level alpha rows compared with SI table.
Alpha SI matbench_log_kvrh/chemical_system_ood/rank/5/a0.75,alpha_sensitivity_main/alpha_sensitivity_summary.csv + alpha_sensitivity_main/alpha_sensitivity_table.tex,"0.75 & Log bulk (KVRH) & chem OOD & Rank & 5\% & +0.035 & 0.060 & [-0.121, +0.134] & 14/20",mean=0.034541144; SD=0.060134189; range=-0.121263852..0.134066768; positive=14/20,PASS,All environment-level alpha rows compared with SI table.
Alpha SI matbench_mp_gap/chemical_system_ood/magnitude/0p5/a0.75,alpha_sensitivity_main/alpha_sensitivity_summary.csv + alpha_sensitivity_main/alpha_sensitivity_table.tex,"0.75 & MP gap & chem OOD & Magnitude & 0.5\% & -0.037 & 0.047 & [-0.119, +0.048] & 4/20",mean=-0.037371084; SD=0.047036354; range=-0.119424683..0.048467731; positive=4/20,PASS,All environment-level alpha rows compared with SI table.
Alpha SI matbench_mp_gap/chemical_system_ood/magnitude/1/a0.75,alpha_sensitivity_main/alpha_sensitivity_summary.csv + alpha_sensitivity_main/alpha_sensitivity_table.tex,"0.75 & MP gap & chem OOD & Magnitude & 1\% & -0.028 & 0.047 & [-0.106, +0.058] & 5/20",mean=-0.028371082; SD=0.047444717; range=-0.105854264..0.057908419; positive=5/20,PASS,All environment-level alpha rows compared with SI table.
Alpha SI matbench_mp_gap/chemical_system_ood/magnitude/5/a0.75,alpha_sensitivity_main/alpha_sensitivity_summary.csv + alpha_sensitivity_main/alpha_sensitivity_table.tex,"0.75 & MP gap & chem OOD & Magnitude & 5\% & -0.018 & 0.045 & [-0.088, +0.064] & 6/20",mean=-0.017708381; SD=0.044997257; range=-0.087845026..0.064177233; positive=6/20,PASS,All environment-level alpha rows compared with SI table.
Alpha SI matbench_mp_gap/chemical_system_ood/rank/0p5/a0.75,alpha_sensitivity_main/alpha_sensitivity_summary.csv + alpha_sensitivity_main/alpha_sensitivity_table.tex,"0.75 & MP gap & chem OOD & Rank & 0.5\% & -0.090 & 0.056 & [-0.241, +0.003] & 1/20",mean=-0.089957537; SD=0.055752290; range=-0.241494643..0.003299611; positive=1/20,PASS,All environment-level alpha rows compared with SI table.
Alpha SI matbench_mp_gap/chemical_system_ood/rank/1/a0.75,alpha_sensitivity_main/alpha_sensitivity_summary.csv + alpha_sensitivity_main/alpha_sensitivity_table.tex,"0.75 & MP gap & chem OOD & Rank & 1\% & -0.050 & 0.062 & [-0.200, +0.081] & 3/20",mean=-0.050154255; SD=0.061585277; range=-0.200414273..0.081181014; positive=3/20,PASS,All environment-level alpha rows compared with SI table.
Alpha SI matbench_mp_gap/chemical_system_ood/rank/5/a0.75,alpha_sensitivity_main/alpha_sensitivity_summary.csv + alpha_sensitivity_main/alpha_sensitivity_table.tex,"0.75 & MP gap & chem OOD & Rank & 5\% & +0.019 & 0.039 & [-0.058, +0.089] & 15/20",mean=0.018710843; SD=0.039144934; range=-0.058085479..0.089234332; positive=15/20,PASS,All environment-level alpha rows compared with SI table.
Alpha SI matbench_mp_gap/iid_record/magnitude/0p5/a0.75,alpha_sensitivity_main/alpha_sensitivity_summary.csv + alpha_sensitivity_main/alpha_sensitivity_table.tex,"0.75 & MP gap & IID & Magnitude & 0.5\% & -0.038 & 0.043 & [-0.116, +0.031] & 5/20",mean=-0.038251685; SD=0.042544802; range=-0.116450799..0.031498510; positive=5/20,PASS,All environment-level alpha rows compared with SI table.
Alpha SI matbench_mp_gap/iid_record/magnitude/1/a0.75,alpha_sensitivity_main/alpha_sensitivity_summary.csv + alpha_sensitivity_main/alpha_sensitivity_table.tex,"0.75 & MP gap & IID & Magnitude & 1\% & -0.022 & 0.031 & [-0.088, +0.022] & 6/20",mean=-0.022386696; SD=0.031181072; range=-0.088065276..0.021820827; positive=6/20,PASS,All environment-level alpha rows compared with SI table.
Alpha SI matbench_mp_gap/iid_record/magnitude/5/a0.75,alpha_sensitivity_main/alpha_sensitivity_summary.csv + alpha_sensitivity_main/alpha_sensitivity_table.tex,"0.75 & MP gap & IID & Magnitude & 5\% & -0.007 & 0.016 & [-0.049, +0.018] & 7/20",mean=-0.007342020; SD=0.015829210; range=-0.048584103..0.018417600; positive=7/20,PASS,All environment-level alpha rows compared with SI table.
Alpha SI matbench_mp_gap/iid_record/rank/0p5/a0.75,alpha_sensitivity_main/alpha_sensitivity_summary.csv + alpha_sensitivity_main/alpha_sensitivity_table.tex,"0.75 & MP gap & IID & Rank & 0.5\% & -0.077 & 0.034 & [-0.153, -0.000] & 0/20",mean=-0.077319960; SD=0.034240814; range=-0.153399936..-0.000430102; positive=0/20,PASS,All environment-level alpha rows compared with SI table.
Alpha SI matbench_mp_gap/iid_record/rank/1/a0.75,alpha_sensitivity_main/alpha_sensitivity_summary.csv + alpha_sensitivity_main/alpha_sensitivity_table.tex,"0.75 & MP gap & IID & Rank & 1\% & -0.047 & 0.033 & [-0.111, +0.009] & 2/20",mean=-0.047297856; SD=0.033413869; range=-0.110574804..0.009036705; positive=2/20,PASS,All environment-level alpha rows compared with SI table.
Alpha SI matbench_mp_gap/iid_record/rank/5/a0.75,alpha_sensitivity_main/alpha_sensitivity_summary.csv + alpha_sensitivity_main/alpha_sensitivity_table.tex,"0.75 & MP gap & IID & Rank & 5\% & +0.023 & 0.022 & [-0.015, +0.060] & 17/20",mean=0.023092851; SD=0.021751960; range=-0.015198201..0.059860716; positive=17/20,PASS,All environment-level alpha rows compared with SI table.
Alpha SI matbench_expt_gap/iid_record/magnitude/0p5/a1,alpha_sensitivity_main/alpha_sensitivity_summary.csv + alpha_sensitivity_main/alpha_sensitivity_table.tex,"1.00 & Expt gap & IID & Magnitude & 0.5\% & +0.008 & 0.108 & [-0.171, +0.223] & 12/20",mean=0.008068064; SD=0.108066786; range=-0.170872153..0.222761387; positive=12/20,PASS,All environment-level alpha rows compared with SI table.
Alpha SI matbench_expt_gap/iid_record/magnitude/1/a1,alpha_sensitivity_main/alpha_sensitivity_summary.csv + alpha_sensitivity_main/alpha_sensitivity_table.tex,"1.00 & Expt gap & IID & Magnitude & 1\% & +0.002 & 0.075 & [-0.111, +0.214] & 10/20",mean=0.001536620; SD=0.074915394; range=-0.110960145..0.213994565; positive=10/20,PASS,All environment-level alpha rows compared with SI table.
Alpha SI matbench_expt_gap/iid_record/magnitude/5/a1,alpha_sensitivity_main/alpha_sensitivity_summary.csv + alpha_sensitivity_main/alpha_sensitivity_table.tex,"1.00 & Expt gap & IID & Magnitude & 5\% & -0.003 & 0.066 & [-0.096, +0.165] & 8/20",mean=-0.003382729; SD=0.066369624; range=-0.096425034..0.165161349; positive=8/20,PASS,All environment-level alpha rows compared with SI table.
Alpha SI matbench_expt_gap/iid_record/rank/0p5/a1,alpha_sensitivity_main/alpha_sensitivity_summary.csv + alpha_sensitivity_main/alpha_sensitivity_table.tex,"1.00 & Expt gap & IID & Rank & 0.5\% & -0.061 & 0.098 & [-0.253, +0.079] & 7/20",mean=-0.061422748; SD=0.097535938; range=-0.252587992..0.078933747; positive=7/20,PASS,All environment-level alpha rows compared with SI table.
Alpha SI matbench_expt_gap/iid_record/rank/1/a1,alpha_sensitivity_main/alpha_sensitivity_summary.csv + alpha_sensitivity_main/alpha_sensitivity_table.tex,"1.00 & Expt gap & IID & Rank & 1\% & -0.044 & 0.076 & [-0.182, +0.060] & 8/20",mean=-0.044387293; SD=0.076133140; range=-0.181838768..0.060267857; positive=8/20,PASS,All environment-level alpha rows compared with SI table.
Alpha SI matbench_expt_gap/iid_record/rank/5/a1,alpha_sensitivity_main/alpha_sensitivity_summary.csv + alpha_sensitivity_main/alpha_sensitivity_table.tex,"1.00 & Expt gap & IID & Rank & 5\% & +0.004 & 0.033 & [-0.051, +0.078] & 10/20",mean=0.003518272; SD=0.033371505; range=-0.050724638..0.078491555; positive=10/20,PASS,All environment-level alpha rows compared with SI table.
Alpha SI matbench_log_kvrh/chemical_system_ood/magnitude/0p5/a1,alpha_sensitivity_main/alpha_sensitivity_summary.csv + alpha_sensitivity_main/alpha_sensitivity_table.tex,"1.00 & Log bulk (KVRH) & chem OOD & Magnitude & 0.5\% & -0.028 & 0.168 & [-0.560, +0.220] & 9/20",mean=-0.028479216; SD=0.167657791; range=-0.560054260..0.220225778; positive=9/20,PASS,All environment-level alpha rows compared with SI table.
Alpha SI matbench_log_kvrh/chemical_system_ood/magnitude/1/a1,alpha_sensitivity_main/alpha_sensitivity_summary.csv + alpha_sensitivity_main/alpha_sensitivity_table.tex,"1.00 & Log bulk (KVRH) & chem OOD & Magnitude & 1\% & -0.070 & 0.159 & [-0.535, +0.169] & 6/20",mean=-0.070246471; SD=0.159000207; range=-0.535091047..0.168517497; positive=6/20,PASS,All environment-level alpha rows compared with SI table.
Alpha SI matbench_log_kvrh/chemical_system_ood/magnitude/5/a1,alpha_sensitivity_main/alpha_sensitivity_summary.csv + alpha_sensitivity_main/alpha_sensitivity_table.tex,"1.00 & Log bulk (KVRH) & chem OOD & Magnitude & 5\% & -0.147 & 0.098 & [-0.373, -0.006] & 0/20",mean=-0.146929117; SD=0.098459112; range=-0.373251483..-0.005914609; positive=0/20,PASS,All environment-level alpha rows compared with SI table.
Alpha SI matbench_log_kvrh/chemical_system_ood/rank/0p5/a1,alpha_sensitivity_main/alpha_sensitivity_summary.csv + alpha_sensitivity_main/alpha_sensitivity_table.tex,"1.00 & Log bulk (KVRH) & chem OOD & Rank & 0.5\% & +0.097 & 0.124 & [-0.209, +0.301] & 17/20",mean=0.097165701; SD=0.123676525; range=-0.208867890..0.300512714; positive=17/20,PASS,All environment-level alpha rows compared with SI table.
Alpha SI matbench_log_kvrh/chemical_system_ood/rank/1/a1,alpha_sensitivity_main/alpha_sensitivity_summary.csv + alpha_sensitivity_main/alpha_sensitivity_table.tex,"1.00 & Log bulk (KVRH) & chem OOD & Rank & 1\% & +0.087 & 0.102 & [-0.196, +0.267] & 19/20",mean=0.087261174; SD=0.102037406; range=-0.196268451..0.267105808; positive=19/20,PASS,All environment-level alpha rows compared with SI table.
Alpha SI matbench_log_kvrh/chemical_system_ood/rank/5/a1,alpha_sensitivity_main/alpha_sensitivity_summary.csv + alpha_sensitivity_main/alpha_sensitivity_table.tex,"1.00 & Log bulk (KVRH) & chem OOD & Rank & 5\% & +0.042 & 0.056 & [-0.117, +0.151] & 17/20",mean=0.042281004; SD=0.055843735; range=-0.116597692..0.150982894; positive=17/20,PASS,All environment-level alpha rows compared with SI table.
Alpha SI matbench_mp_gap/chemical_system_ood/magnitude/0p5/a1,alpha_sensitivity_main/alpha_sensitivity_summary.csv + alpha_sensitivity_main/alpha_sensitivity_table.tex,"1.00 & MP gap & chem OOD & Magnitude & 0.5\% & -0.083 & 0.060 & [-0.182, -0.005] & 0/20",mean=-0.083428101; SD=0.059516994; range=-0.182037401..-0.004765338; positive=0/20,PASS,All environment-level alpha rows compared with SI table.
Alpha SI matbench_mp_gap/chemical_system_ood/magnitude/1/a1,alpha_sensitivity_main/alpha_sensitivity_summary.csv + alpha_sensitivity_main/alpha_sensitivity_table.tex,"1.00 & MP gap & chem OOD & Magnitude & 1\% & -0.062 & 0.062 & [-0.144, +0.071] & 2/20",mean=-0.062473824; SD=0.061615686; range=-0.144251018..0.070835036; positive=2/20,PASS,All environment-level alpha rows compared with SI table.
Alpha SI matbench_mp_gap/chemical_system_ood/magnitude/5/a1,alpha_sensitivity_main/alpha_sensitivity_summary.csv + alpha_sensitivity_main/alpha_sensitivity_table.tex,"1.00 & MP gap & chem OOD & Magnitude & 5\% & -0.053 & 0.048 & [-0.132, +0.046] & 3/20",mean=-0.052970346; SD=0.048139233; range=-0.132163956..0.046377035; positive=3/20,PASS,All environment-level alpha rows compared with SI table.
Alpha SI matbench_mp_gap/chemical_system_ood/rank/0p5/a1,alpha_sensitivity_main/alpha_sensitivity_summary.csv + alpha_sensitivity_main/alpha_sensitivity_table.tex,"1.00 & MP gap & chem OOD & Rank & 0.5\% & -0.097 & 0.065 & [-0.251, +0.024] & 1/20",mean=-0.097317982; SD=0.064834271; range=-0.251457850..0.023816229; positive=1/20,PASS,All environment-level alpha rows compared with SI table.
Alpha SI matbench_mp_gap/chemical_system_ood/rank/1/a1,alpha_sensitivity_main/alpha_sensitivity_summary.csv + alpha_sensitivity_main/alpha_sensitivity_table.tex,"1.00 & MP gap & chem OOD & Rank & 1\% & -0.053 & 0.064 & [-0.214, +0.071] & 3/20",mean=-0.052725451; SD=0.064216567; range=-0.214390565..0.070772840; positive=3/20,PASS,All environment-level alpha rows compared with SI table.
Alpha SI matbench_mp_gap/chemical_system_ood/rank/5/a1,alpha_sensitivity_main/alpha_sensitivity_summary.csv + alpha_sensitivity_main/alpha_sensitivity_table.tex,"1.00 & MP gap & chem OOD & Rank & 5\% & +0.025 & 0.040 & [-0.048, +0.110] & 13/20",mean=0.024703224; SD=0.039513816; range=-0.047564344..0.109755725; positive=13/20,PASS,All environment-level alpha rows compared with SI table.
Alpha SI matbench_mp_gap/iid_record/magnitude/0p5/a1,alpha_sensitivity_main/alpha_sensitivity_summary.csv + alpha_sensitivity_main/alpha_sensitivity_table.tex,"1.00 & MP gap & IID & Magnitude & 0.5\% & -0.062 & 0.051 & [-0.150, +0.035] & 3/20",mean=-0.062216688; SD=0.051110202; range=-0.150301084..0.034634538; positive=3/20,PASS,All environment-level alpha rows compared with SI table.
Alpha SI matbench_mp_gap/iid_record/magnitude/1/a1,alpha_sensitivity_main/alpha_sensitivity_summary.csv + alpha_sensitivity_main/alpha_sensitivity_table.tex,"1.00 & MP gap & IID & Magnitude & 1\% & -0.049 & 0.039 & [-0.127, +0.008] & 2/20",mean=-0.048828980; SD=0.039461338; range=-0.127057088..0.007803676; positive=2/20,PASS,All environment-level alpha rows compared with SI table.
Alpha SI matbench_mp_gap/iid_record/magnitude/5/a1,alpha_sensitivity_main/alpha_sensitivity_summary.csv + alpha_sensitivity_main/alpha_sensitivity_table.tex,"1.00 & MP gap & IID & Magnitude & 5\% & -0.039 & 0.024 & [-0.088, +0.001] & 2/20",mean=-0.038770435; SD=0.023639765; range=-0.087895991..0.001323447; positive=2/20,PASS,All environment-level alpha rows compared with SI table.
Alpha SI matbench_mp_gap/iid_record/rank/0p5/a1,alpha_sensitivity_main/alpha_sensitivity_summary.csv + alpha_sensitivity_main/alpha_sensitivity_table.tex,"1.00 & MP gap & IID & Rank & 0.5\% & -0.085 & 0.040 & [-0.140, +0.001] & 1/20",mean=-0.084970833; SD=0.039737117; range=-0.140477426..0.000785361; positive=1/20,PASS,All environment-level alpha rows compared with SI table.
Alpha SI matbench_mp_gap/iid_record/rank/1/a1,alpha_sensitivity_main/alpha_sensitivity_summary.csv + alpha_sensitivity_main/alpha_sensitivity_table.tex,"1.00 & MP gap & IID & Rank & 1\% & -0.055 & 0.036 & [-0.108, +0.007] & 2/20",mean=-0.055301960; SD=0.035737441; range=-0.108473748..0.006818215; positive=2/20,PASS,All environment-level alpha rows compared with SI table.
Alpha SI matbench_mp_gap/iid_record/rank/5/a1,alpha_sensitivity_main/alpha_sensitivity_summary.csv + alpha_sensitivity_main/alpha_sensitivity_table.tex,"1.00 & MP gap & IID & Rank & 5\% & +0.018 & 0.023 & [-0.030, +0.064] & 16/20",mean=0.018121876; SD=0.022552005; range=-0.029826262..0.063823854; positive=16/20,PASS,All environment-level alpha rows compared with SI table.
Candidate pooled top1 rank,candidate_enrichment/candidate_enrichment_equal_weight_summary.csv,+0.0007,0.000686405,PASS,Compared with Results.
Candidate pooled top1 magnitude,candidate_enrichment/candidate_enrichment_equal_weight_summary.csv,+0.0002,0.000167332,PASS,Compared with Results.
Candidate tail matbench_mp_gap/local_only_tail_fraction,candidate_enrichment/S_new_candidate_enrichment.csv,0.0265,0.0264680224464669,PASS,Retrospective tail diagnostic; descriptive only.
Candidate tail matbench_mp_gap/raw_only_tail_fraction,candidate_enrichment/S_new_candidate_enrichment.csv,0.0305,0.0305019520011879,PASS,Retrospective tail diagnostic; descriptive only.
Candidate tail matbench_mp_gap/tail_fraction_difference,candidate_enrichment/S_new_candidate_enrichment.csv,-0.0040,-0.0040339295547209,PASS,Retrospective tail diagnostic; descriptive only.
Candidate tail matbench_mp_gap/enrichment_ratio,candidate_enrichment/S_new_candidate_enrichment.csv,0.87,0.8677484787018256,PASS,Retrospective tail diagnostic; descriptive only.
Candidate tail matbench_log_gvrh/tail_fraction_difference,candidate_enrichment/S_new_candidate_enrichment.csv,+0.0053,0.0052526263131565,PASS,Retrospective tail diagnostic; descriptive only.
Fixed-state MACE RAW,tables/calibration_summary.csv + manuscript.tex/supplementary_information.tex,0.0610,0.0610,PASS,Shared-state confirmation summary; descriptive.
Fixed-state MACE GLOBAL,tables/calibration_summary.csv + manuscript.tex/supplementary_information.tex,0.0465,0.0465,PASS,Shared-state confirmation summary; descriptive.
Fixed-state MACE OOF alpha=.5,tables/calibration_summary.csv + manuscript.tex/supplementary_information.tex,0.0412,0.0412,PASS,Shared-state confirmation summary; descriptive.
Corresponding-author email,HUMAN_RELEASE_CHECKLIST.md,3037147645@qq.com,User supplied for sole author Renjie Li (黎仁杰),PASS,Author identity and corresponding-author contact supplied in this turn.
Public repository DOI or accession,HUMAN_RELEASE_CHECKLIST.md,not asserted,no deposit or identifier exists,UNRESOLVED,Human action required; not a numerical discrepancy.
Source-data redistribution rights,HUMAN_RELEASE_CHECKLIST.md,not asserted,terms and permitted release scope remain unresolved,UNRESOLVED,Human action required; not a numerical discrepancy.
Candidate SI matbench_expt_gap/chemical_system_ood/magnitude/0p5,candidate_enrichment/S_new_candidate_enrichment.csv + tables/S_new_candidate_enrichment.tex,Expt gap & chemical OOD & Magnitude & 0.5\% & 6116 & 6116 & 4924 & 0.014 & 0.012 & +0.002 & 1.15,LOCAL-only=6116; RAW-only=6116; both=4924; fractions=0.013570961/0.011772400; difference=0.001798561; ratio=1.152777778,PASS,All 48 task-split-policy-tail table rows checked against stored retrospective summaries; no campaign was rerun.
Candidate SI matbench_expt_gap/chemical_system_ood/magnitude/1,candidate_enrichment/S_new_candidate_enrichment.csv + tables/S_new_candidate_enrichment.tex,Expt gap & chemical OOD & Magnitude & 1\% & 6116 & 6116 & 4924 & 0.026 & 0.024 & +0.002 & 1.09,LOCAL-only=6116; RAW-only=6116; both=4924; fractions=0.026160889/0.024035317; difference=0.002125572; ratio=1.088435374,PASS,All 48 task-split-policy-tail table rows checked against stored retrospective summaries; no campaign was rerun.
Candidate SI matbench_expt_gap/chemical_system_ood/magnitude/5,candidate_enrichment/S_new_candidate_enrichment.csv + tables/S_new_candidate_enrichment.tex,Expt gap & chemical OOD & Magnitude & 5\% & 6116 & 6116 & 4924 & 0.129 & 0.115 & +0.014 & 1.12,LOCAL-only=6116; RAW-only=6116; both=4924; fractions=0.129169392/0.115271419; difference=0.013897973; ratio=1.120567376,PASS,All 48 task-split-policy-tail table rows checked against stored retrospective summaries; no campaign was rerun.
Candidate SI matbench_expt_gap/chemical_system_ood/rank/0p5,candidate_enrichment/S_new_candidate_enrichment.csv + tables/S_new_candidate_enrichment.tex,Expt gap & chemical OOD & Rank & 0.5\% & 6266 & 6266 & 4774 & 0.010 & 0.012 & -0.002 & 0.86,LOCAL-only=6266; RAW-only=6266; both=4774; fractions=0.010373444/0.012128950; difference=-0.001755506; ratio=0.855263158,PASS,All 48 task-split-policy-tail table rows checked against stored retrospective summaries; no campaign was rerun.
Candidate SI matbench_expt_gap/chemical_system_ood/rank/1,candidate_enrichment/S_new_candidate_enrichment.csv + tables/S_new_candidate_enrichment.tex,Expt gap & chemical OOD & Rank & 1\% & 6266 & 6266 & 4774 & 0.022 & 0.026 & -0.004 & 0.85,LOCAL-only=6266; RAW-only=6266; both=4774; fractions=0.022023620/0.025853814; difference=-0.003830195; ratio=0.851851852,PASS,All 48 task-split-policy-tail table rows checked against stored retrospective summaries; no campaign was rerun.
Candidate SI matbench_expt_gap/chemical_system_ood/rank/5,candidate_enrichment/S_new_candidate_enrichment.csv + tables/S_new_candidate_enrichment.tex,Expt gap & chemical OOD & Rank & 5\% & 6266 & 6266 & 4774 & 0.124 & 0.124 & +0.001 & 1.01,LOCAL-only=6266; RAW-only=6266; both=4774; fractions=0.124321736/0.123683371; difference=0.000638366; ratio=1.005161290,PASS,All 48 task-split-policy-tail table rows checked against stored retrospective summaries; no campaign was rerun.
Candidate SI matbench_expt_gap/iid_record/magnitude/0p5,candidate_enrichment/S_new_candidate_enrichment.csv + tables/S_new_candidate_enrichment.tex,Expt gap & IID & Magnitude & 0.5\% & 6132 & 6132 & 4908 & 0.011 & 0.011 & -0.000 & 0.97,LOCAL-only=6132; RAW-only=6132; both=4908; fractions=0.011089367/0.011415525; difference=-0.000326158; ratio=0.971428571,PASS,All 48 task-split-policy-tail table rows checked against stored retrospective summaries; no campaign was rerun.
Candidate SI matbench_expt_gap/iid_record/magnitude/1,candidate_enrichment/S_new_candidate_enrichment.csv + tables/S_new_candidate_enrichment.tex,Expt gap & IID & Magnitude & 1\% & 6132 & 6132 & 4908 & 0.022 & 0.025 & -0.003 & 0.90,LOCAL-only=6132; RAW-only=6132; both=4908; fractions=0.022341813/0.024951076; difference=-0.002609263; ratio=0.895424837,PASS,All 48 task-split-policy-tail table rows checked against stored retrospective summaries; no campaign was rerun.
Candidate SI matbench_expt_gap/iid_record/magnitude/5,candidate_enrichment/S_new_candidate_enrichment.csv + tables/S_new_candidate_enrichment.tex,Expt gap & IID & Magnitude & 5\% & 6132 & 6132 & 4908 & 0.128 & 0.126 & +0.003 & 1.02,LOCAL-only=6132; RAW-only=6132; both=4908; fractions=0.128180039/0.125570776; difference=0.002609263; ratio=1.020779221,PASS,All 48 task-split-policy-tail table rows checked against stored retrospective summaries; no campaign was rerun.
Candidate SI matbench_expt_gap/iid_record/rank/0p5,candidate_enrichment/S_new_candidate_enrichment.csv + tables/S_new_candidate_enrichment.tex,Expt gap & IID & Rank & 0.5\% & 5966 & 5966 & 5074 & 0.008 & 0.010 & -0.002 & 0.83,LOCAL-only=5966; RAW-only=5966; both=5074; fractions=0.008045592/0.009721757; difference=-0.001676165; ratio=0.827586207,PASS,All 48 task-split-policy-tail table rows checked against stored retrospective summaries; no campaign was rerun.
Candidate SI matbench_expt_gap/iid_record/rank/1,candidate_enrichment/S_new_candidate_enrichment.csv + tables/S_new_candidate_enrichment.tex,Expt gap & IID & Rank & 1\% & 5966 & 5966 & 5074 & 0.017 & 0.020 & -0.003 & 0.85,LOCAL-only=5966; RAW-only=5966; both=5074; fractions=0.016761649/0.019611130; difference=-0.002849480; ratio=0.854700855,PASS,All 48 task-split-policy-tail table rows checked against stored retrospective summaries; no campaign was rerun.
Candidate SI matbench_expt_gap/iid_record/rank/5,candidate_enrichment/S_new_candidate_enrichment.csv + tables/S_new_candidate_enrichment.tex,Expt gap & IID & Rank & 5\% & 5966 & 5966 & 5074 & 0.123 & 0.124 & -0.001 & 0.99,LOCAL-only=5966; RAW-only=5966; both=5074; fractions=0.122862890/0.123868589; difference=-0.001005699; ratio=0.991880920,PASS,All 48 task-split-policy-tail table rows checked against stored retrospective summaries; no campaign was rerun.
Candidate SI matbench_log_gvrh/chemical_system_ood/magnitude/0p5,candidate_enrichment/S_new_candidate_enrichment.csv + tables/S_new_candidate_enrichment.tex,Log shear (GVRH) & chemical OOD & Magnitude & 0.5\% & 16459 & 16459 & 9901 & 0.013 & 0.012 & +0.001 & 1.07,LOCAL-only=16459; RAW-only=16459; both=9901; fractions=0.012758977/0.011969135; difference=0.000789841; ratio=1.065989848,PASS,All 48 task-split-policy-tail table rows checked against stored retrospective summaries; no campaign was rerun.
Candidate SI matbench_log_gvrh/chemical_system_ood/magnitude/1,candidate_enrichment/S_new_candidate_enrichment.csv + tables/S_new_candidate_enrichment.tex,Log shear (GVRH) & chemical OOD & Magnitude & 1\% & 16459 & 16459 & 9901 & 0.027 & 0.026 & +0.001 & 1.03,LOCAL-only=16459; RAW-only=16459; both=9901; fractions=0.026976122/0.026064767; difference=0.000911355; ratio=1.034965035,PASS,All 48 task-split-policy-tail table rows checked against stored retrospective summaries; no campaign was rerun.
Candidate SI matbench_log_gvrh/chemical_system_ood/magnitude/5,candidate_enrichment/S_new_candidate_enrichment.csv + tables/S_new_candidate_enrichment.tex,Log shear (GVRH) & chemical OOD & Magnitude & 5\% & 16459 & 16459 & 9901 & 0.158 & 0.163 & -0.006 & 0.97,LOCAL-only=16459; RAW-only=16459; both=9901; fractions=0.157603743/0.163193390; difference=-0.005589647; ratio=0.965748325,PASS,All 48 task-split-policy-tail table rows checked against stored retrospective summaries; no campaign was rerun.
Candidate SI matbench_log_gvrh/chemical_system_ood/rank/0p5,candidate_enrichment/S_new_candidate_enrichment.csv + tables/S_new_candidate_enrichment.tex,Log shear (GVRH) & chemical OOD & Rank & 0.5\% & 15992 & 15992 & 10368 & 0.014 & 0.012 & +0.002 & 1.17,LOCAL-only=15992; RAW-only=15992; both=10368; fractions=0.014319660/0.012193597; difference=0.002126063; ratio=1.174358974,PASS,All 48 task-split-policy-tail table rows checked against stored retrospective summaries; no campaign was rerun.
Candidate SI matbench_log_gvrh/chemical_system_ood/rank/1,candidate_enrichment/S_new_candidate_enrichment.csv + tables/S_new_candidate_enrichment.tex,Log shear (GVRH) & chemical OOD & Rank & 1\% & 15992 & 15992 & 10368 & 0.029 & 0.024 & +0.005 & 1.22,LOCAL-only=15992; RAW-only=15992; both=10368; fractions=0.028889445/0.023636818; difference=0.005252626; ratio=1.222222222,PASS,All 48 task-split-policy-tail table rows checked against stored retrospective summaries; no campaign was rerun.
Candidate SI matbench_log_gvrh/chemical_system_ood/rank/5,candidate_enrichment/S_new_candidate_enrichment.csv + tables/S_new_candidate_enrichment.tex,Log shear (GVRH) & chemical OOD & Rank & 5\% & 15992 & 15992 & 10368 & 0.148 & 0.137 & +0.011 & 1.08,LOCAL-only=15992; RAW-only=15992; both=10368; fractions=0.147823912/0.136880940; difference=0.010942971; ratio=1.079945180,PASS,All 48 task-split-policy-tail table rows checked against stored retrospective summaries; no campaign was rerun.
Candidate SI matbench_log_gvrh/iid_record/magnitude/0p5,candidate_enrichment/S_new_candidate_enrichment.csv + tables/S_new_candidate_enrichment.tex,Log shear (GVRH) & IID & Magnitude & 0.5\% & 15676 & 15676 & 10704 & 0.014 & 0.013 & +0.001 & 1.04,LOCAL-only=15676; RAW-only=15676; both=10704; fractions=0.013523858/0.013013524; difference=0.000510334; ratio=1.039215686,PASS,All 48 task-split-policy-tail table rows checked against stored retrospective summaries; no campaign was rerun.
Candidate SI matbench_log_gvrh/iid_record/magnitude/1,candidate_enrichment/S_new_candidate_enrichment.csv + tables/S_new_candidate_enrichment.tex,Log shear (GVRH) & IID & Magnitude & 1\% & 15676 & 15676 & 10704 & 0.029 & 0.029 & -0.000 & 1.00,LOCAL-only=15676; RAW-only=15676; both=10704; fractions=0.028833886/0.028897678; difference=-0.000063792; ratio=0.997792494,PASS,All 48 task-split-policy-tail table rows checked against stored retrospective summaries; no campaign was rerun.
Candidate SI matbench_log_gvrh/iid_record/magnitude/5,candidate_enrichment/S_new_candidate_enrichment.csv + tables/S_new_candidate_enrichment.tex,Log shear (GVRH) & IID & Magnitude & 5\% & 15676 & 15676 & 10704 & 0.150 & 0.161 & -0.011 & 0.93,LOCAL-only=15676; RAW-only=15676; both=10704; fractions=0.150165859/0.160691503; difference=-0.010525644; ratio=0.934497817,PASS,All 48 task-split-policy-tail table rows checked against stored retrospective summaries; no campaign was rerun.
Candidate SI matbench_log_gvrh/iid_record/rank/0p5,candidate_enrichment/S_new_candidate_enrichment.csv + tables/S_new_candidate_enrichment.tex,Log shear (GVRH) & IID & Rank & 0.5\% & 15037 & 15037 & 11343 & 0.011 & 0.010 & +0.001 & 1.15,LOCAL-only=15037; RAW-only=15037; both=11343; fractions=0.010906431/0.009509876; difference=0.001396555; ratio=1.146853147,PASS,All 48 task-split-policy-tail table rows checked against stored retrospective summaries; no campaign was rerun.
Candidate SI matbench_log_gvrh/iid_record/rank/1,candidate_enrichment/S_new_candidate_enrichment.csv + tables/S_new_candidate_enrichment.tex,Log shear (GVRH) & IID & Rank & 1\% & 15037 & 15037 & 11343 & 0.023 & 0.021 & +0.002 & 1.11,LOCAL-only=15037; RAW-only=15037; both=11343; fractions=0.022943406/0.020748820; difference=0.002194587; ratio=1.105769231,PASS,All 48 task-split-policy-tail table rows checked against stored retrospective summaries; no campaign was rerun.
Candidate SI matbench_log_gvrh/iid_record/rank/5,candidate_enrichment/S_new_candidate_enrichment.csv + tables/S_new_candidate_enrichment.tex,Log shear (GVRH) & IID & Rank & 5\% & 15037 & 15037 & 11343 & 0.122 & 0.119 & +0.003 & 1.03,LOCAL-only=15037; RAW-only=15037; both=11343; fractions=0.122165326/0.119172707; difference=0.002992618; ratio=1.025111607,PASS,All 48 task-split-policy-tail table rows checked against stored retrospective summaries; no campaign was rerun.
Candidate SI matbench_log_kvrh/chemical_system_ood/magnitude/0p5,candidate_enrichment/S_new_candidate_enrichment.csv + tables/S_new_candidate_enrichment.tex,Log bulk (KVRH) & chemical OOD & Magnitude & 0.5\% & 18438 & 18438 & 7922 & 0.018 & 0.018 & +0.000 & 1.02,LOCAL-only=18438; RAW-only=18438; both=7922; fractions=0.018006291/0.017572405; difference=0.000433887; ratio=1.024691358,PASS,All 48 task-split-policy-tail table rows checked against stored retrospective summaries; no campaign was rerun.
Candidate SI matbench_log_kvrh/chemical_system_ood/magnitude/1,candidate_enrichment/S_new_candidate_enrichment.csv + tables/S_new_candidate_enrichment.tex,Log bulk (KVRH) & chemical OOD & Magnitude & 1\% & 18438 & 18438 & 7922 & 0.038 & 0.037 & +0.001 & 1.02,LOCAL-only=18438; RAW-only=18438; both=7922; fractions=0.037639657/0.036771884; difference=0.000867773; ratio=1.023598820,PASS,All 48 task-split-policy-tail table rows checked against stored retrospective summaries; no campaign was rerun.
Candidate SI matbench_log_kvrh/chemical_system_ood/magnitude/5,candidate_enrichment/S_new_candidate_enrichment.csv + tables/S_new_candidate_enrichment.tex,Log bulk (KVRH) & chemical OOD & Magnitude & 5\% & 18438 & 18438 & 7922 & 0.164 & 0.192 & -0.028 & 0.86,LOCAL-only=18438; RAW-only=18438; both=7922; fractions=0.164497234/0.192103265; difference=-0.027606031; ratio=0.856295878,PASS,All 48 task-split-policy-tail table rows checked against stored retrospective summaries; no campaign was rerun.
Candidate SI matbench_log_kvrh/chemical_system_ood/rank/0p5,candidate_enrichment/S_new_candidate_enrichment.csv + tables/S_new_candidate_enrichment.tex,Log bulk (KVRH) & chemical OOD & Rank & 0.5\% & 16644 & 16644 & 9716 & 0.016 & 0.014 & +0.002 & 1.18,LOCAL-only=16644; RAW-only=16644; both=9716; fractions=0.016282144/0.013818794; difference=0.002463350; ratio=1.178260870,PASS,All 48 task-split-policy-tail table rows checked against stored retrospective summaries; no campaign was rerun.
Candidate SI matbench_log_kvrh/chemical_system_ood/rank/1,candidate_enrichment/S_new_candidate_enrichment.csv + tables/S_new_candidate_enrichment.tex,Log bulk (KVRH) & chemical OOD & Rank & 1\% & 16644 & 16644 & 9716 & 0.031 & 0.026 & +0.004 & 1.16,LOCAL-only=16644; RAW-only=16644; both=9716; fractions=0.030521509/0.026375871; difference=0.004145638; ratio=1.157175399,PASS,All 48 task-split-policy-tail table rows checked against stored retrospective summaries; no campaign was rerun.
Candidate SI matbench_log_kvrh/chemical_system_ood/rank/5,candidate_enrichment/S_new_candidate_enrichment.csv + tables/S_new_candidate_enrichment.tex,Log bulk (KVRH) & chemical OOD & Rank & 5\% & 16644 & 16644 & 9716 & 0.137 & 0.124 & +0.013 & 1.11,LOCAL-only=16644; RAW-only=16644; both=9716; fractions=0.137226628/0.123768325; difference=0.013458303; ratio=1.108737864,PASS,All 48 task-split-policy-tail table rows checked against stored retrospective summaries; no campaign was rerun.
Candidate SI matbench_log_kvrh/iid_record/magnitude/0p5,candidate_enrichment/S_new_candidate_enrichment.csv + tables/S_new_candidate_enrichment.tex,Log bulk (KVRH) & IID & Magnitude & 0.5\% & 17886 & 17886 & 8494 & 0.016 & 0.015 & +0.001 & 1.04,LOCAL-only=17886; RAW-only=17886; both=8494; fractions=0.015822431/0.015151515; difference=0.000670916; ratio=1.044280443,PASS,All 48 task-split-policy-tail table rows checked against stored retrospective summaries; no campaign was rerun.
Candidate SI matbench_log_kvrh/iid_record/magnitude/1,candidate_enrichment/S_new_candidate_enrichment.csv + tables/S_new_candidate_enrichment.tex,Log bulk (KVRH) & IID & Magnitude & 1\% & 17886 & 17886 & 8494 & 0.032 & 0.031 & +0.001 & 1.02,LOCAL-only=17886; RAW-only=17886; both=8494; fractions=0.032148049/0.031421223; difference=0.000726825; ratio=1.023131673,PASS,All 48 task-split-policy-tail table rows checked against stored retrospective summaries; no campaign was rerun.
Candidate SI matbench_log_kvrh/iid_record/magnitude/5,candidate_enrichment/S_new_candidate_enrichment.csv + tables/S_new_candidate_enrichment.tex,Log bulk (KVRH) & IID & Magnitude & 5\% & 17886 & 17886 & 8494 & 0.164 & 0.189 & -0.025 & 0.87,LOCAL-only=17886; RAW-only=17886; both=8494; fractions=0.163871184/0.189086436; difference=-0.025215252; ratio=0.866646954,PASS,All 48 task-split-policy-tail table rows checked against stored retrospective summaries; no campaign was rerun.
Candidate SI matbench_log_kvrh/iid_record/rank/0p5,candidate_enrichment/S_new_candidate_enrichment.csv + tables/S_new_candidate_enrichment.tex,Log bulk (KVRH) & IID & Rank & 0.5\% & 16306 & 16306 & 10074 & 0.013 & 0.011 & +0.002 & 1.21,LOCAL-only=16306; RAW-only=16306; both=10074; fractions=0.013185331/0.010854900; difference=0.002330431; ratio=1.214689266,PASS,All 48 task-split-policy-tail table rows checked against stored retrospective summaries; no campaign was rerun.
Candidate SI matbench_log_kvrh/iid_record/rank/1,candidate_enrichment/S_new_candidate_enrichment.csv + tables/S_new_candidate_enrichment.tex,Log bulk (KVRH) & IID & Rank & 1\% & 16306 & 16306 & 10074 & 0.028 & 0.023 & +0.005 & 1.21,LOCAL-only=16306; RAW-only=16306; both=10074; fractions=0.027658531/0.022936342; difference=0.004722188; ratio=1.205882353,PASS,All 48 task-split-policy-tail table rows checked against stored retrospective summaries; no campaign was rerun.
Candidate SI matbench_log_kvrh/iid_record/rank/5,candidate_enrichment/S_new_candidate_enrichment.csv + tables/S_new_candidate_enrichment.tex,Log bulk (KVRH) & IID & Rank & 5\% & 16306 & 16306 & 10074 & 0.125 & 0.116 & +0.009 & 1.08,LOCAL-only=16306; RAW-only=16306; both=10074; fractions=0.125413958/0.116398872; difference=0.009015086; ratio=1.077449947,PASS,All 48 task-split-policy-tail table rows checked against stored retrospective summaries; no campaign was rerun.
Candidate SI matbench_mp_gap/chemical_system_ood/magnitude/0p5,candidate_enrichment/S_new_candidate_enrichment.csv + tables/S_new_candidate_enrichment.tex,MP gap & chemical OOD & Magnitude & 0.5\% & 138869 & 138869 & 115811 & 0.012 & 0.013 & -0.001 & 0.95,LOCAL-only=138869; RAW-only=138869; both=115811; fractions=0.012313763/0.012933052; difference=-0.000619289; ratio=0.952115813,PASS,All 48 task-split-policy-tail table rows checked against stored retrospective summaries; no campaign was rerun.
Candidate SI matbench_mp_gap/chemical_system_ood/magnitude/1,candidate_enrichment/S_new_candidate_enrichment.csv + tables/S_new_candidate_enrichment.tex,MP gap & chemical OOD & Magnitude & 1\% & 138869 & 138869 & 115811 & 0.028 & 0.029 & -0.001 & 0.96,LOCAL-only=138869; RAW-only=138869; both=115811; fractions=0.027515140/0.028811326; difference=-0.001296186; ratio=0.955011247,PASS,All 48 task-split-policy-tail table rows checked against stored retrospective summaries; no campaign was rerun.
Candidate SI matbench_mp_gap/chemical_system_ood/magnitude/5,candidate_enrichment/S_new_candidate_enrichment.csv + tables/S_new_candidate_enrichment.tex,MP gap & chemical OOD & Magnitude & 5\% & 138869 & 138869 & 115811 & 0.177 & 0.177 & +0.001 & 1.00,LOCAL-only=138869; RAW-only=138869; both=115811; fractions=0.177411805/0.176713305; difference=0.000698500; ratio=1.003952730,PASS,All 48 task-split-policy-tail table rows checked against stored retrospective summaries; no campaign was rerun.
Candidate SI matbench_mp_gap/chemical_system_ood/rank/0p5,candidate_enrichment/S_new_candidate_enrichment.csv + tables/S_new_candidate_enrichment.tex,MP gap & chemical OOD & Rank & 0.5\% & 161629 & 161629 & 93051 & 0.013 & 0.015 & -0.002 & 0.86,LOCAL-only=161629; RAW-only=161629; both=93051; fractions=0.012503944/0.014533283; difference=-0.002029339; ratio=0.860366113,PASS,All 48 task-split-policy-tail table rows checked against stored retrospective summaries; no campaign was rerun.
Candidate SI matbench_mp_gap/chemical_system_ood/rank/1,candidate_enrichment/S_new_candidate_enrichment.csv + tables/S_new_candidate_enrichment.tex,MP gap & chemical OOD & Rank & 1\% & 161629 & 161629 & 93051 & 0.026 & 0.031 & -0.004 & 0.87,LOCAL-only=161629; RAW-only=161629; both=93051; fractions=0.026468022/0.030501952; difference=-0.004033930; ratio=0.867748479,PASS,All 48 task-split-policy-tail table rows checked against stored retrospective summaries; no campaign was rerun.
Candidate SI matbench_mp_gap/chemical_system_ood/rank/5,candidate_enrichment/S_new_candidate_enrichment.csv + tables/S_new_candidate_enrichment.tex,MP gap & chemical OOD & Rank & 5\% & 161629 & 161629 & 93051 & 0.161 & 0.168 & -0.007 & 0.96,LOCAL-only=161629; RAW-only=161629; both=93051; fractions=0.160936466/0.168138144; difference=-0.007201678; ratio=0.957168089,PASS,All 48 task-split-policy-tail table rows checked against stored retrospective summaries; no campaign was rerun.
Candidate SI matbench_mp_gap/iid_record/magnitude/0p5,candidate_enrichment/S_new_candidate_enrichment.csv + tables/S_new_candidate_enrichment.tex,MP gap & IID & Magnitude & 0.5\% & 127149 & 127149 & 127511 & 0.012 & 0.012 & +0.000 & 1.04,LOCAL-only=127149; RAW-only=127149; both=127511; fractions=0.012174693/0.011734265; difference=0.000440428; ratio=1.037533512,PASS,All 48 task-split-policy-tail table rows checked against stored retrospective summaries; no campaign was rerun.
Candidate SI matbench_mp_gap/iid_record/magnitude/1,candidate_enrichment/S_new_candidate_enrichment.csv + tables/S_new_candidate_enrichment.tex,MP gap & IID & Magnitude & 1\% & 127149 & 127149 & 127511 & 0.027 & 0.026 & +0.001 & 1.03,LOCAL-only=127149; RAW-only=127149; both=127511; fractions=0.026567256/0.025890884; difference=0.000676372; ratio=1.026123937,PASS,All 48 task-split-policy-tail table rows checked against stored retrospective summaries; no campaign was rerun.
Candidate SI matbench_mp_gap/iid_record/magnitude/5,candidate_enrichment/S_new_candidate_enrichment.csv + tables/S_new_candidate_enrichment.tex,MP gap & IID & Magnitude & 5\% & 127149 & 127149 & 127511 & 0.169 & 0.164 & +0.005 & 1.03,LOCAL-only=127149; RAW-only=127149; both=127511; fractions=0.168660391/0.163949382; difference=0.004711008; ratio=1.028734529,PASS,All 48 task-split-policy-tail table rows checked against stored retrospective summaries; no campaign was rerun.
Candidate SI matbench_mp_gap/iid_record/rank/0p5,candidate_enrichment/S_new_candidate_enrichment.csv + tables/S_new_candidate_enrichment.tex,MP gap & IID & Rank & 0.5\% & 145201 & 145201 & 109459 & 0.015 & 0.015 & -0.001 & 0.96,LOCAL-only=145201; RAW-only=145201; both=109459; fractions=0.014572902/0.015130750; difference=-0.000557847; ratio=0.963131543,PASS,All 48 task-split-policy-tail table rows checked against stored retrospective summaries; no campaign was rerun.
Candidate SI matbench_mp_gap/iid_record/rank/1,candidate_enrichment/S_new_candidate_enrichment.csv + tables/S_new_candidate_enrichment.tex,MP gap & IID & Rank & 1\% & 145201 & 145201 & 109459 & 0.030 & 0.030 & -0.000 & 1.00,LOCAL-only=145201; RAW-only=145201; both=109459; fractions=0.029992906/0.030103098; difference=-0.000110192; ratio=0.996339510,PASS,All 48 task-split-policy-tail table rows checked against stored retrospective summaries; no campaign was rerun.
Candidate SI matbench_mp_gap/iid_record/rank/5,candidate_enrichment/S_new_candidate_enrichment.csv + tables/S_new_candidate_enrichment.tex,MP gap & IID & Rank & 5\% & 145201 & 145201 & 109459 & 0.165 & 0.160 & +0.005 & 1.03,LOCAL-only=145201; RAW-only=145201; both=109459; fractions=0.165343214/0.159888706; difference=0.005454508; ratio=1.034114404,PASS,All 48 task-split-policy-tail table rows checked against stored retrospective summaries; no campaign was rerun.
