alpha,policy,seed,difference_0p5,difference_1,difference_5
0.25,magnitude,2026092600,-0.03139661829410338,0.0043182115359324535,0.0016748665282652064
0.25,magnitude,2026092601,0.0009490301348824837,0.007759919888910838,0.015503781520047874
0.25,magnitude,2026092602,0.025581668762892196,0.020934666253066392,0.014528246777715192
0.25,magnitude,2026092603,-0.030510447983457895,-0.007403312890172251,0.00292866115821519
0.25,magnitude,2026092604,-0.006707111764351487,-0.02139535892651573,-0.030439883408455187
0.25,magnitude,2026092605,0.03280306432120084,0.03443646988282409,0.010818531019999827
0.25,magnitude,2026092606,-0.015930049805341046,-0.010949641748908862,0.0023880208522219504
0.25,magnitude,2026092607,0.005525569950614095,0.010090249651095673,0.012359038212620743
0.25,magnitude,2026092608,0.02423539099408617,0.02098709391688676,0.002429468807271601
0.25,magnitude,2026092609,0.023555169855914895,0.017971385106117815,-0.0009774891641704947
0.25,magnitude,2026092610,0.02083146915491027,0.019091940033186233,0.02486932227720741
0.25,magnitude,2026092611,-0.0032455766644056278,-0.003784847859783294,-0.0044566431406763835
0.25,magnitude,2026092612,0.0035135807744129527,-0.008646386440552462,-0.011836150139770685
0.25,magnitude,2026092613,0.03164019709658804,0.029439335294427216,0.0240798212171075
0.25,magnitude,2026092614,-0.02256574185455231,-0.029185545746555592,-0.029199179826665103
0.25,magnitude,2026092615,0.0011082054576299072,-0.0198124271921742,-0.01979958493113332
0.25,magnitude,2026092616,-0.021434350214949438,-0.034486408010024824,-0.040128543262432786
0.25,magnitude,2026092617,0.002268383731779927,-0.0007553816779896361,0.000983176465778196
0.25,magnitude,2026092618,0.0018910564296338028,0.013703372563060229,0.0177283036617623
0.25,magnitude,2026092619,0.013164473703389419,0.009142895039424705,-0.009982675293485885
0.25,rank,2026092600,-0.030664010617124475,-0.014824241769857166,0.015529874871424959
0.25,rank,2026092601,-0.034508552081376265,-0.008256250752892783,0.010201886226206061
0.25,rank,2026092602,-0.030270074949354714,-0.024741487691228387,-0.000535662251491445
0.25,rank,2026092603,-0.06136641511564753,-0.0384505731013967,0.006095121639476689
0.25,rank,2026092604,-0.02740661019805979,-0.018685610987596996,-0.007664495988614475
0.25,rank,2026092605,0.002253273553558935,0.018399547161831037,0.03392779755930499
0.25,rank,2026092606,-0.017107260290200488,-0.014116861521671534,0.031445661096021024
0.25,rank,2026092607,-0.021226855501881928,0.0052015756414551945,0.020815315110925853
0.25,rank,2026092608,0.00048794082064738953,0.007579205169388481,0.0169113041482878
0.25,rank,2026092609,0.0073649428387860955,-0.006226572872027353,-0.004265380898010401
0.25,rank,2026092610,-0.010942840514060567,-0.015450993408011052,0.018091137045746677
0.25,rank,2026092611,-0.048638462052010556,-0.0297953693620394,-0.006600874467843507
0.25,rank,2026092612,0.024439867979856394,0.014332666144806064,0.031764324894371504
0.25,rank,2026092613,0.062405218317606814,0.06523088133475395,0.03499060965145154
0.25,rank,2026092614,0.0023468332339144637,0.010523181311414768,0.019085122546346603
0.25,rank,2026092615,-0.02111935961971756,-0.02373169736908111,-0.010483204160506257
0.25,rank,2026092616,0.07384697417132832,0.07109929432274219,0.041298573802985905
0.25,rank,2026092617,-0.028396045815766616,0.002865372303427982,0.020405428291065383
0.25,rank,2026092618,-0.04574156484550385,-0.04157642439192959,-0.003971603145633815
0.25,rank,2026092619,-0.037185540132471946,-0.021080276262182847,0.008204130798931217
0.5,magnitude,2026092600,-0.03207331348481182,0.014265244561211088,-0.00035519613784899817
0.5,magnitude,2026092601,0.06503615571818516,0.06948040278055555,0.04079338275564332
0.5,magnitude,2026092602,0.03154429248269616,0.028592298065860666,0.012454547513255199
0.5,magnitude,2026092603,0.009623496601446346,0.014997359727186521,-0.013792523761385983
0.5,magnitude,2026092604,0.041114279377348836,0.005128847841879211,-0.029547127324451437
0.5,magnitude,2026092605,-0.028463261603739368,-0.012529862358657856,0.005446996671112078
0.5,magnitude,2026092606,-0.01867313640514731,-0.01938460036634665,-0.002473640225351764
0.5,magnitude,2026092607,0.009670383041138597,0.028049478481067203,-0.0028529639250772926
0.5,magnitude,2026092608,0.026138225939864465,0.02678674969023559,0.0020052998230572633
0.5,magnitude,2026092609,0.031119763383180364,0.022458365529351168,-0.013364553643084282
0.5,magnitude,2026092610,0.008674678291185817,0.046866891100988656,0.04372643867730093
0.5,magnitude,2026092611,-0.01007616571000533,-0.01825770276652479,-0.036074691251046856
0.5,magnitude,2026092612,0.005496743368057264,-0.006355556546743565,-0.01611491841696508
0.5,magnitude,2026092613,0.07627191613034606,0.06021087375618654,0.01326924681438349
0.5,magnitude,2026092614,-0.01477730781328912,-0.026180083291527618,-0.027240254367561847
0.5,magnitude,2026092615,-0.02505764089734154,-0.0480382063604913,-0.04953117934704136
0.5,magnitude,2026092616,-0.030557114575139474,-0.0332363534068444,-0.029240188609865936
0.5,magnitude,2026092617,0.00018439913156892418,0.00604036819014675,-0.006734158043750146
0.5,magnitude,2026092618,0.004273658713077583,0.02529947469128513,0.00871228560502485
0.5,magnitude,2026092619,0.04392387987538045,0.05742799868818163,0.010843911455582042
0.5,rank,2026092600,0.03360365038881115,0.012168528628624789,0.02330157137525969
0.5,rank,2026092601,-0.0014228598062144826,0.015247510837468448,0.031178226676322057
0.5,rank,2026092602,-0.03924441565255912,-0.013936324435449843,0.029209337136268956
0.5,rank,2026092603,0.0017337756708192403,0.006293925426256203,0.030650376023571915
0.5,rank,2026092604,-0.0691658340374346,-0.030153017970804358,0.018545265991128636
0.5,rank,2026092605,-0.020440828607128148,-0.0011572252845072073,0.020162426604285744
0.5,rank,2026092606,-0.03313523963066978,-0.027851134072935102,0.04194778450321078
0.5,rank,2026092607,1.257171739016405e-05,0.022923248165829024,0.035789994530778774
0.5,rank,2026092608,-0.08188083866937541,-0.04902925574494055,0.014160723947051868
0.5,rank,2026092609,-0.031012426459383333,-0.029190695069019834,-0.01101310453089098
0.5,rank,2026092610,-0.036385516737886786,-0.005884182590538176,0.04139471539178845
0.5,rank,2026092611,-0.07019526923013539,-0.045732920647893444,0.0004786048488381739
0.5,rank,2026092612,0.018600311433023042,0.011447944816482356,0.027539443726469257
0.5,rank,2026092613,0.06432544649694161,0.04815996219141232,0.0287289091794153
0.5,rank,2026092614,-0.043038879913788526,-0.013041954934738365,0.03138637051479501
0.5,rank,2026092615,-0.12857975469633656,-0.12044004815766876,-0.04471157457963711
0.5,rank,2026092616,0.07696211114055397,0.07696801756639547,0.045830888558489685
0.5,rank,2026092617,-0.04779776083266152,-0.0046846248101984345,0.02244407863155927
0.5,rank,2026092618,-0.0706736976249859,-0.07373446928310251,-0.006867220643771543
0.5,rank,2026092619,-0.042230371190829986,-0.02022927987673128,0.0024064493362107586
0.75,magnitude,2026092600,-0.04041107976908708,-0.03280505621174795,-0.036447555719078
0.75,magnitude,2026092601,0.0598267673589589,0.05173835449296828,0.04073121765938232
0.75,magnitude,2026092602,-0.012058338511708233,-0.017452184989943026,-0.018591887394641488
0.75,magnitude,2026092603,0.004023732341489339,0.015334389559041567,-0.0006149769531899885
0.75,magnitude,2026092604,0.04616900516951418,-0.006489491094856276,-0.030315710133875386
0.75,magnitude,2026092605,-0.043188575165221094,-0.024381962823998904,-0.021032685195490994
0.75,magnitude,2026092606,-0.028374357993522087,-0.043631462211699445,-0.023815080090809015
0.75,magnitude,2026092607,0.004820755323205889,0.006598007666411859,-0.026480421902142184
0.75,magnitude,2026092608,0.016428140279503026,0.00889211986885495,-0.010812523933144469
0.75,magnitude,2026092609,0.016696082898445347,0.0008595626295989089,-0.03316851652586755
0.75,magnitude,2026092610,-0.04540145891200301,0.005915888233197691,0.0064293504684095615
0.75,magnitude,2026092611,-0.08287378211135848,-0.0774294184517029,-0.08544409741263075
0.75,magnitude,2026092612,-0.0611738577778633,-0.0636274436086496,-0.05293951053881224
0.75,magnitude,2026092613,0.07285219804641391,0.04198973389421501,-0.0015761091671508132
0.75,magnitude,2026092614,-0.0007502728100435008,-0.013858876011844674,-0.044506089541210464
0.75,magnitude,2026092615,-0.036381987842224975,-0.061973953052856176,-0.05202191737039258
0.75,magnitude,2026092616,-0.07830111946466724,-0.08212532235681802,-0.07156941343372389
0.75,magnitude,2026092617,-0.014830021386833953,-0.019783164822342714,-0.04224620394912171
0.75,magnitude,2026092618,0.012459528886763549,0.013630407606595535,-0.02181866697006224
0.75,magnitude,2026092619,0.04988770070154624,0.05693240726702384,-0.0008360960291296793
0.75,rank,2026092600,0.03363860615615227,0.02589433060814983,0.03811723016353562
0.75,rank,2026092601,-0.05596048644054499,-0.035597407592796164,0.009734562756407966
0.75,rank,2026092602,-0.06554112607617218,-0.04975125935928382,0.00251067216049522
0.75,rank,2026092603,-0.04392055896520214,-0.005586369497425442,0.041897617348899824
0.75,rank,2026092604,-0.09710217562480361,-0.06391079353808679,-0.007364729372765354
0.75,rank,2026092605,-0.01884891802852326,0.016424426075389242,0.03725512620127533
0.75,rank,2026092606,-0.01841816702482943,-0.023352981081198404,0.038593181034347515
0.75,rank,2026092607,-0.030685097100683012,0.0036893636015357806,0.03995681619030887
0.75,rank,2026092608,-0.09230286791220649,-0.05900166763450476,0.013403877946127435
0.75,rank,2026092609,-0.059344431131215056,-0.04484364486588441,-0.006375443792508595
0.75,rank,2026092610,-0.0057061283743800595,0.015324484315727097,0.053236338765373065
0.75,rank,2026092611,-0.07503018766572495,-0.05194414906949607,0.005151942544033117
0.75,rank,2026092612,0.015650485004565937,0.011793995634297588,0.032187997338065086
0.75,rank,2026092613,0.04499948599627969,0.0486625829908138,0.037597476300154475
0.75,rank,2026092614,-0.028794965912586255,0.006203365087650417,0.03934717177054238
0.75,rank,2026092615,-0.10076090788346907,-0.09540706559244104,-0.027607205772204796
0.75,rank,2026092616,0.04268699678301922,0.0628282514657353,0.0433738959962722
0.75,rank,2026092617,-0.07690088323889005,-0.011546809801320515,0.029145770132505508
0.75,rank,2026092618,-0.09669128384334491,-0.07851411486592358,0.0009555181202143409
0.75,rank,2026092619,-0.042877339263029744,-0.03236737946338248,-0.0037140207443919354
1.0,magnitude,2026092600,-0.11417986501121466,-0.09584091735523848,-0.08016509057170465
1.0,magnitude,2026092601,0.05465696118793644,0.04324163660032532,0.005258518269370689
1.0,magnitude,2026092602,-0.02437304047208011,-0.021752714868551987,-0.03626760821802129
1.0,magnitude,2026092603,-0.07199199810274158,-0.04324183940217828,-0.036909258964551786
1.0,magnitude,2026092604,0.02520453272494834,-0.03029228305368009,-0.07461323711464074
1.0,magnitude,2026092605,-0.061673937036014245,-0.05654034705563972,-0.051412246867118344
1.0,magnitude,2026092606,-0.03430296582175006,-0.0634428706206964,-0.04985751329913339
1.0,magnitude,2026092607,-0.00904620685334992,-0.02599229926331545,-0.0624518417627634
1.0,magnitude,2026092608,-0.0025528527886596875,-0.010035560539845279,-0.045411306949811936
1.0,magnitude,2026092609,-0.019773940698366563,-0.03176532751849255,-0.07580017878798556
1.0,magnitude,2026092610,-0.03302841846193709,0.002199999369520006,-0.03928893045813575
1.0,magnitude,2026092611,-0.13347287156774137,-0.12628070834972407,-0.11469246278464097
1.0,magnitude,2026092612,-0.11211146931772742,-0.10333130322345355,-0.08179275929011487
1.0,magnitude,2026092613,0.022110647557793725,0.023808455895728137,-0.03185076598421929
1.0,magnitude,2026092614,-0.0485739214854878,-0.06574933593031268,-0.08741858137914658
1.0,magnitude,2026092615,-0.08147081950415139,-0.10549969326821898,-0.085494126363667
1.0,magnitude,2026092616,-0.15372407981727898,-0.15523028132803002,-0.13024796924487778
1.0,magnitude,2026092617,-0.042925874017381516,-0.059595599615233405,-0.06424749564371166
1.0,magnitude,2026092618,-0.025666530754829192,-0.017448356306469695,-0.042991667120030816
1.0,magnitude,2026092619,0.036616948449347875,0.042726069985498494,-0.02460860776804595
1.0,rank,2026092600,-0.0327069380588956,-0.007577580882623267,0.013615822858774246
1.0,rank,2026092601,0.005817417862399803,0.017087059956467948,0.028203520457793257
1.0,rank,2026092602,-0.07501674409248352,-0.04014013696455465,0.004013950418186113
1.0,rank,2026092603,-0.010429915618348731,0.016293285544179914,0.05447271832709963
1.0,rank,2026092604,-0.06465393741174015,-0.03281506032302993,0.023792460800701715
1.0,rank,2026092605,-0.01781275207102874,0.007407747626052147,0.025553478045251238
1.0,rank,2026092606,-0.04807633997919858,-0.050874931845230245,0.03351742787905762
1.0,rank,2026092607,-0.03293269789383747,-0.00396021354393615,0.033492567656348546
1.0,rank,2026092608,-0.05432163840789914,-0.04268953396099488,0.019150914097009933
1.0,rank,2026092609,-0.07778399193221552,-0.05621428175179137,-0.015290679129773055
1.0,rank,2026092610,-0.012958661688906359,0.014883077836457537,0.05436153406682491
1.0,rank,2026092611,-0.08447227587340703,-0.06540457570211845,-0.002355031945668537
1.0,rank,2026092612,0.006188459854099104,0.003700376194451127,0.025777737232471815
1.0,rank,2026092613,0.02070922402710812,0.031218095986602662,0.03985965399487805
1.0,rank,2026092614,-0.004498192145582565,0.02159849201785384,0.04779492329970804
1.0,rank,2026092615,-0.10238762569776147,-0.10786406955335415,-0.02606398295584244
1.0,rank,2026092616,0.049155080879553364,0.07804876321415387,0.04058349687391215
1.0,rank,2026092617,-0.07135200810389396,-0.03095959012820146,0.01696757406556053
1.0,rank,2026092618,-0.08394265085346866,-0.06521079009810041,0.005251367708080004
1.0,rank,2026092619,-0.041253124947928856,-0.0122937789854397,0.020422428998023878
