alpha,task,split,policy,tail,mean_local_minus_raw,sd_across_20_seeds,seed_min,seed_max,positive_seeds,n_seeds,mean_initial_disagreement,mean_raw_mace_on_local_path,mean_local_mace,mean_raw_baseline_mace
0.25,matbench_expt_gap,iid_record,magnitude,0p5,-0.01518180641821947,0.040529119924988026,-0.12739389233954446,0.06521739130434778,7,20,0.12463768115942028,0.05450665038002171,0.0557580076004343,0.05527958740499456
0.25,matbench_expt_gap,iid_record,magnitude,1,-0.02556612318840578,0.04318559611854522,-0.13755175983436851,0.06780538302277428,4,20,0.12463768115942028,0.05450665038002171,0.0557580076004343,0.05527958740499456
0.25,matbench_expt_gap,iid_record,magnitude,5,-0.001998292670211646,0.03627777610058115,-0.132272442915233,0.060284381190699676,12,20,0.12463768115942028,0.05450665038002171,0.0557580076004343,0.05527958740499456
0.25,matbench_expt_gap,iid_record,rank,0p5,-0.03357272256728778,0.07299161440227275,-0.1965579710144928,0.04671325051759834,7,20,0.13007246376811593,0.055369842562432145,0.05963422909880565,0.054564332247557
0.25,matbench_expt_gap,iid_record,rank,1,-0.02033352743271221,0.048133016846535565,-0.10905150103519673,0.10170807453416153,5,20,0.13007246376811593,0.055369842562432145,0.05963422909880565,0.054564332247557
0.25,matbench_expt_gap,iid_record,rank,5,0.007443827546658327,0.02905351018920319,-0.029441664060056272,0.07913669064748197,11,20,0.13007246376811593,0.055369842562432145,0.05963422909880565,0.054564332247557
0.25,matbench_log_kvrh,chemical_system_ood,magnitude,0p5,0.03470593645100475,0.06953325368196651,-0.12383317239159419,0.17741527567020737,16,20,0.3335866261398176,0.08383136094674556,0.03320308944014565,0.08761037778789257
0.25,matbench_log_kvrh,chemical_system_ood,magnitude,1,0.034518266887386746,0.06541703103030837,-0.12765553869499235,0.17204097116843708,16,20,0.3335866261398176,0.08383136094674556,0.03320308944014565,0.08761037778789257
0.25,matbench_log_kvrh,chemical_system_ood,magnitude,5,-0.0160944613050076,0.05521506843493568,-0.139524991952913,0.08243205959442679,9,20,0.3335866261398176,0.08383136094674556,0.03320308944014565,0.08761037778789257
0.25,matbench_log_kvrh,chemical_system_ood,rank,0p5,0.05568871568492205,0.10751226797271783,-0.08980549041247077,0.286809674897687,11,20,0.18176291793313068,0.07792472690031862,0.034265048930359567,0.08432521620391444
0.25,matbench_log_kvrh,chemical_system_ood,rank,1,0.052644617648411295,0.08611736803759767,-0.04365544672828431,0.263300685151975,14,20,0.18176291793313068,0.07792472690031862,0.034265048930359567,0.08432521620391444
0.25,matbench_log_kvrh,chemical_system_ood,rank,5,0.021064687083275836,0.03957064991531188,-0.038136294661332615,0.11230514553731547,14,20,0.18176291793313068,0.07792472690031862,0.034265048930359567,0.08432521620391444
0.25,matbench_mp_gap,chemical_system_ood,magnitude,0p5,-0.0044019589645472755,0.02944686742821072,-0.07777071528202095,0.045072604480489,10,20,0.11952560477536914,0.03469648242389972,0.04999891032890395,0.03373171119592874
0.25,matbench_mp_gap,chemical_system_ood,magnitude,1,-0.0004329994311820351,0.04024725167667359,-0.0869962342622711,0.05605969901219965,11,20,0.11952560477536914,0.03469648242389972,0.04999891032890395,0.03373171119592874
0.25,matbench_mp_gap,chemical_system_ood,magnitude,5,0.0046420647439727155,0.0318158955523583,-0.04842584259841687,0.05789298946830901,12,20,0.11952560477536914,0.03469648242389972,0.04999891032890395,0.03373171119592874
0.25,matbench_mp_gap,chemical_system_ood,rank,0p5,-0.03908743063395556,0.0355773731531706,-0.10220078254203568,0.01692270538774332,2,20,0.2081998114985862,0.03391209593817735,0.05374658373386106,0.03332667750447648
0.25,matbench_mp_gap,chemical_system_ood,rank,1,-0.02667046823803762,0.0343003326494373,-0.08608648301596311,0.029529592218905387,4,20,0.2081998114985862,0.03391209593817735,0.05374658373386106,0.03332667750447648
0.25,matbench_mp_gap,chemical_system_ood,rank,5,0.011690612167362655,0.02941963381437499,-0.047197098457577635,0.05444434458297448,13,20,0.2081998114985862,0.03391209593817735,0.05374658373386106,0.03332667750447648
0.25,matbench_mp_gap,iid_record,magnitude,0p5,-0.004066698310883243,0.014673024403767743,-0.03287572316595466,0.02666287855194238,7,20,0.11289663839145461,0.030906445837063555,0.036815895490741164,0.030895814682184414
0.25,matbench_mp_gap,iid_record,magnitude,1,0.0017721014666521816,0.011369319460098242,-0.025976704741668688,0.019303788065498262,12,20,0.11289663839145461,0.030906445837063555,0.036815895490741164,0.030895814682184414
0.25,matbench_mp_gap,iid_record,magnitude,5,0.010144907097531158,0.0091221469745638,-0.008138610372999011,0.027802144903422255,19,20,0.11289663839145461,0.030906445837063555,0.036815895490741164,0.030895814682184414
0.25,matbench_mp_gap,iid_record,rank,0p5,-0.03131427064717428,0.020800588022376013,-0.07128750190493105,0.016596472474086132,1,20,0.1645460257618599,0.030702392451585524,0.037963014771709915,0.030064994345756955
0.25,matbench_mp_gap,iid_record,rank,1,-0.017981549197680507,0.024031712322108587,-0.060022221890707605,0.021159187717399663,5,20,0.1645460257618599,0.030702392451585524,0.037963014771709915,0.030064994345756955
0.25,matbench_mp_gap,iid_record,rank,5,0.014849886556792442,0.014318882509464925,-0.00566291068157887,0.040313875984808956,17,20,0.1645460257618599,0.030702392451585524,0.037963014771709915,0.030064994345756955
0.5,matbench_expt_gap,iid_record,magnitude,0p5,0.02379011387163562,0.0810702689794075,-0.13412267080745338,0.1826475155279504,11,20,0.2927536231884058,0.05439976927252986,0.061990363735070574,0.05527958740499456
0.5,matbench_expt_gap,iid_record,magnitude,1,0.020095755693581803,0.057875875919624405,-0.07434006211180122,0.16941640786749484,14,20,0.2927536231884058,0.05439976927252986,0.061990363735070574,0.05527958740499456
0.5,matbench_expt_gap,iid_record,magnitude,5,0.016993796267333973,0.03959673556265832,-0.07964497966843911,0.1101097382963194,15,20,0.2927536231884058,0.05439976927252986,0.061990363735070574,0.05527958740499456
0.5,matbench_expt_gap,iid_record,rank,0p5,-0.03466614906832298,0.06404149685227147,-0.18821169772256724,0.09232660455486533,6,20,0.1891304347826087,0.05597346634093377,0.06479641693811075,0.054564332247557
0.5,matbench_expt_gap,iid_record,rank,1,-0.024225219979296074,0.04018275960887703,-0.09417054865424435,0.04367236024844717,5,20,0.1891304347826087,0.05597346634093377,0.06479641693811075,0.054564332247557
0.5,matbench_expt_gap,iid_record,rank,5,0.009486758419351484,0.03212011827451066,-0.0481180273172766,0.09903164424981759,15,20,0.1891304347826087,0.05597346634093377,0.06479641693811075,0.054564332247557
0.5,matbench_log_kvrh,chemical_system_ood,magnitude,0p5,0.05008736837264911,0.07411014763118466,-0.15474548213546702,0.18460017473674528,17,20,0.5297872340425532,0.08373577605826128,0.041994481110605365,0.08761037778789257
0.5,matbench_log_kvrh,chemical_system_ood,magnitude,1,0.04181783694302661,0.07987660133695484,-0.16048765346944394,0.17187428151009332,17,20,0.5297872340425532,0.08373577605826128,0.041994481110605365,0.08761037778789257
0.5,matbench_log_kvrh,chemical_system_ood,magnitude,5,-0.04414902055455925,0.07044418381487005,-0.1763978939623856,0.06760127833724194,6,20,0.5297872340425532,0.08373577605826128,0.041994481110605365,0.08761037778789257
0.5,matbench_log_kvrh,chemical_system_ood,rank,0p5,0.06830080011036004,0.15482098293222488,-0.2783602335954384,0.33337931668735915,14,20,0.31231003039513683,0.07405524578971324,0.04336709148839325,0.08432521620391444
0.5,matbench_log_kvrh,chemical_system_ood,rank,1,0.05722542189727318,0.1192497948113641,-0.26750241412608633,0.24809743872718082,15,20,0.31231003039513683,0.07405524578971324,0.04336709148839325,0.08432521620391444
0.5,matbench_log_kvrh,chemical_system_ood,rank,5,0.033707063043178366,0.058581095215461704,-0.13685220950016094,0.13480480066216022,16,20,0.31231003039513683,0.07405524578971324,0.04336709148839325,0.08432521620391444
0.5,matbench_mp_gap,chemical_system_ood,magnitude,0p5,-0.018923199707740684,0.03923627615519209,-0.0863891893595159,0.04390277946681387,6,20,0.2678605089538172,0.03523822566204881,0.04828741989444914,0.03373171119592874
0.5,matbench_mp_gap,chemical_system_ood,magnitude,1,-0.008340056250599465,0.04857247627806587,-0.0907953194688369,0.060633912745245766,8,20,0.2678605089538172,0.03523822566204881,0.04828741989444914,0.03373171119592874
0.5,matbench_mp_gap,chemical_system_ood,magnitude,5,0.0023911811837181857,0.03940171882520139,-0.06376206509617355,0.07966279538496623,10,20,0.2678605089538172,0.03523822566204881,0.04828741989444914,0.03373171119592874
0.5,matbench_mp_gap,chemical_system_ood,rank,0p5,-0.07067348145536864,0.04825993312517646,-0.16173237003298258,0.02646458300612542,2,20,0.31983977379830353,0.03462515314296483,0.05132486334935442,0.03332667750447648
0.5,matbench_mp_gap,chemical_system_ood,rank,1,-0.04018068415463463,0.05154984632849849,-0.14075958034202551,0.08554127332874895,2,20,0.31983977379830353,0.03462515314296483,0.05132486334935442,0.03332667750447648
0.5,matbench_mp_gap,chemical_system_ood,rank,5,0.017958105668913128,0.03794882612979699,-0.040893900849464815,0.09583136350829058,16,20,0.31983977379830353,0.03462515314296483,0.05132486334935442,0.03332667750447648
0.5,matbench_mp_gap,iid_record,magnitude,0p5,-0.016275496223743642,0.026962254766747244,-0.056713395228304875,0.02946014195090052,7,20,0.24654414074772232,0.03145350857560193,0.046413104297224686,0.030895814682184414
0.5,matbench_mp_gap,iid_record,magnitude,1,-0.005249138784609042,0.018113299243769376,-0.03895285134696791,0.018967143188794333,7,20,0.24654414074772232,0.03145350857560193,0.046413104297224686,0.030895814682184414
0.5,matbench_mp_gap,iid_record,magnitude,5,0.006750185955892729,0.012222406891505846,-0.026389247640069335,0.020319917639718188,15,20,0.24654414074772232,0.03145350857560193,0.046413104297224686,0.030895814682184414
0.5,matbench_mp_gap,iid_record,rank,0p5,-0.06695433483503847,0.036717472671273975,-0.1550319597560409,0.010856075357222439,1,20,0.2681589695256048,0.03145231588371105,0.047250020614427714,0.030064994345756955
0.5,matbench_mp_gap,iid_record,rank,1,-0.041190716812554325,0.03526667732484781,-0.13173103276434328,0.01963500815751995,3,20,0.2681589695256048,0.03145231588371105,0.047250020614427714,0.030064994345756955
0.5,matbench_mp_gap,iid_record,rank,5,0.01536072631278596,0.016657221670684078,-0.020462856278565367,0.0377650790274312,16,20,0.2681589695256048,0.03145231588371105,0.047250020614427714,0.030064994345756955
0.75,matbench_expt_gap,iid_record,magnitude,0p5,0.037639104554865424,0.09569257638916961,-0.145898033126294,0.25634057971014507,13,20,0.3652173913043478,0.052971294788273615,0.0721583197611292,0.05527958740499456
0.75,matbench_expt_gap,iid_record,magnitude,1,0.025376876293995876,0.06466576083661228,-0.08582427536231885,0.15427665631469983,12,20,0.3652173913043478,0.052971294788273615,0.0721583197611292,0.05527958740499456
0.75,matbench_expt_gap,iid_record,magnitude,5,0.014514258158690457,0.053675340092794774,-0.061392190595349894,0.17459727869878008,12,20,0.3652173913043478,0.052971294788273615,0.0721583197611292,0.05527958740499456
0.75,matbench_expt_gap,iid_record,rank,0p5,-0.0394927536231884,0.09330555138193922,-0.24255952380952372,0.14952122153209102,6,20,0.23152173913043478,0.05696321932681867,0.07588592562432138,0.054564332247557
0.75,matbench_expt_gap,iid_record,rank,1,-0.03320393374741201,0.06367807950604493,-0.12872023809523803,0.07466356107660455,7,20,0.23152173913043478,0.05696321932681867,0.07588592562432138,0.054564332247557
0.75,matbench_expt_gap,iid_record,rank,5,0.007135921697424675,0.03393198889111605,-0.06457877176519655,0.08146309039724742,13,20,0.23152173913043478,0.05696321932681867,0.07588592562432138,0.054564332247557
0.75,matbench_log_kvrh,chemical_system_ood,magnitude,0p5,0.0058674759736975475,0.12664719972333718,-0.3390352692325379,0.23179059180576633,12,20,0.648176291793313,0.07709604005461994,0.05529386663632224,0.08761037778789257
0.75,matbench_log_kvrh,chemical_system_ood,magnitude,1,-0.022952591161999346,0.11916058518040744,-0.35730215661930365,0.17892123051455378,9,20,0.648176291793313,0.07709604005461994,0.05529386663632224,0.08761037778789257
0.75,matbench_log_kvrh,chemical_system_ood,magnitude,5,-0.09487923621648965,0.0903829443846251,-0.29074585000229913,0.03259300133351728,4,20,0.648176291793313,0.07709604005461994,0.05529386663632224,0.08761037778789257
0.75,matbench_log_kvrh,chemical_system_ood,rank,0p5,0.052388260449717186,0.14347591383723024,-0.17635765852761287,0.38124798822826145,11,20,0.3882978723404255,0.071987369139736,0.05701297223486571,0.08432521620391444
0.75,matbench_log_kvrh,chemical_system_ood,rank,1,0.05845547661746451,0.10567747223310311,-0.18095024601094395,0.23845817813951353,14,20,0.3882978723404255,0.071987369139736,0.05701297223486571,0.08432521620391444
0.75,matbench_log_kvrh,chemical_system_ood,rank,5,0.0345411436060146,0.06013418875469687,-0.12126385248540028,0.1340667678300455,14,20,0.3882978723404255,0.071987369139736,0.05701297223486571,0.08432521620391444
0.75,matbench_mp_gap,chemical_system_ood,magnitude,0p5,-0.03737108415108663,0.047036354145580286,-0.11942468340625867,0.04846773109582958,4,20,0.4219761231542569,0.034383511214777104,0.048858643153331424,0.03373171119592874
0.75,matbench_mp_gap,chemical_system_ood,magnitude,1,-0.028371081733003678,0.04744471736698408,-0.10585426375549556,0.057908419073130046,5,20,0.4219761231542569,0.034383511214777104,0.048858643153331424,0.03373171119592874
0.75,matbench_mp_gap,chemical_system_ood,magnitude,5,-0.01770838101691116,0.04499725710699758,-0.08784502603720667,0.06417723285423499,6,20,0.4219761231542569,0.034383511214777104,0.048858643153331424,0.03373171119592874
0.75,matbench_mp_gap,chemical_system_ood,rank,0p5,-0.08995753722293587,0.05575228958831544,-0.2414946434717019,0.00329961059991446,1,20,0.3921143575243481,0.034695540005654495,0.04999493450193194,0.03332667750447648
0.75,matbench_mp_gap,chemical_system_ood,rank,1,-0.050154255199802544,0.06158527658916133,-0.2004142730656675,0.08118101356114327,3,20,0.3921143575243481,0.034695540005654495,0.04999493450193194,0.03332667750447648
0.75,matbench_mp_gap,chemical_system_ood,rank,5,0.01871084294469836,0.03914493414559534,-0.058085479028565146,0.08923433229442324,15,20,0.3921143575243481,0.034695540005654495,0.04999493450193194,0.03332667750447648
0.75,matbench_mp_gap,iid_record,magnitude,0p5,-0.038251684525214866,0.042544801831377356,-0.11645079911084344,0.03149851039938423,5,20,0.388737040527804,0.03220908625076567,0.0520818805069971,0.030895814682184414
0.75,matbench_mp_gap,iid_record,magnitude,1,-0.022386696282703254,0.031181072392472753,-0.08806527643408191,0.02182082651279671,6,20,0.388737040527804,0.03220908625076567,0.0520818805069971,0.030895814682184414
0.75,matbench_mp_gap,iid_record,magnitude,5,-0.007342019751825963,0.01582921004322923,-0.04858410336848773,0.018417600450221006,7,20,0.388737040527804,0.03220908625076567,0.0520818805069971,0.030895814682184414
0.75,matbench_mp_gap,iid_record,rank,0p5,-0.07731995971271055,0.034240814474936355,-0.15339993554624554,-0.0004301020205932371,0,20,0.3383129123468426,0.032220056071243446,0.05254688309852516,0.030064994345756955
0.75,matbench_mp_gap,iid_record,rank,1,-0.04729785618673883,0.03341386903936028,-0.11057480402040654,0.009036704956194241,2,20,0.3383129123468426,0.032220056071243446,0.05254688309852516,0.030064994345756955
0.75,matbench_mp_gap,iid_record,rank,5,0.023092850769199817,0.021751960480277555,-0.01519820051723314,0.05986071634778001,17,20,0.3383129123468426,0.032220056071243446,0.05254688309852516,0.030064994345756955
1.0,matbench_expt_gap,iid_record,magnitude,0p5,0.008068064182194617,0.10806678640485012,-0.17087215320910965,0.22276138716356111,12,20,0.43659420289855067,0.0536566910966341,0.0839922638436482,0.05527958740499456
1.0,matbench_expt_gap,iid_record,magnitude,1,0.0015366200828157359,0.07491539393412402,-0.11096014492753625,0.21399456521739135,10,20,0.43659420289855067,0.0536566910966341,0.0839922638436482,0.05527958740499456
1.0,matbench_expt_gap,iid_record,magnitude,5,-0.0033827285997288874,0.06636962360773033,-0.09642503388593468,0.1651613491815244,8,20,0.43659420289855067,0.0536566910966341,0.0839922638436482,0.05527958740499456
1.0,matbench_expt_gap,iid_record,rank,0p5,-0.06142274844720497,0.09753593833827601,-0.2525879917184264,0.07893374741200829,7,20,0.2579710144927536,0.05598602062975028,0.08654417752442996,0.054564332247557
1.0,matbench_expt_gap,iid_record,rank,1,-0.04438729296066254,0.07613313992110537,-0.18183876811594202,0.060267857142857206,8,20,0.2579710144927536,0.05598602062975028,0.08654417752442996,0.054564332247557
1.0,matbench_expt_gap,iid_record,rank,5,0.003518272338650813,0.03337150479978482,-0.05072463768115937,0.07849155458242096,10,20,0.2579710144927536,0.05598602062975028,0.08654417752442996,0.054564332247557
1.0,matbench_log_kvrh,chemical_system_ood,magnitude,0p5,-0.028479215523980295,0.1676577912195331,-0.5600542603577505,0.22022577826826695,9,20,0.7355623100303952,0.07722434000910333,0.0640128584433318,0.08761037778789257
1.0,matbench_log_kvrh,chemical_system_ood,magnitude,1,-0.07024647077757853,0.15900020744981852,-0.5350910470409711,0.16851749666620675,6,20,0.7355623100303952,0.07722434000910333,0.0640128584433318,0.08761037778789257
1.0,matbench_log_kvrh,chemical_system_ood,magnitude,5,-0.14692911665976915,0.09845911220540789,-0.3732514829631673,-0.005914608911573915,0,20,0.7355623100303952,0.07722434000910333,0.0640128584433318,0.08761037778789257
1.0,matbench_log_kvrh,chemical_system_ood,rank,0p5,0.09716570101623212,0.12367652510194693,-0.2088678898238836,0.30051271439738814,17,20,0.44969604863221885,0.06887517068730087,0.06750327150659989,0.08432521620391444
1.0,matbench_log_kvrh,chemical_system_ood,rank,1,0.08726117395502828,0.10203740565143096,-0.1962684508208028,0.2671058076976134,19,20,0.44969604863221885,0.06887517068730087,0.06750327150659989,0.08432521620391444
1.0,matbench_log_kvrh,chemical_system_ood,rank,5,0.042281004276451914,0.05584373468409722,-0.11659769163562791,0.15098289419230243,17,20,0.44969604863221885,0.06887517068730087,0.06750327150659989,0.08432521620391444
1.0,matbench_mp_gap,chemical_system_ood,magnitude,0p5,-0.0834281005655631,0.0595169940766604,-0.18203740092059717,-0.004765338321172985,0,20,0.5511467169337103,0.03440274243709357,0.054805096126661,0.03373171119592874
1.0,matbench_mp_gap,chemical_system_ood,magnitude,1,-0.062473824387374165,0.06161568621846974,-0.14425101811513885,0.0708350356368036,2,20,0.5511467169337103,0.03440274243709357,0.054805096126661,0.03373171119592874
1.0,matbench_mp_gap,chemical_system_ood,magnitude,5,-0.052970346125554756,0.04813923250985109,-0.13216395606902115,0.046377035463953886,3,20,0.5511467169337103,0.03440274243709357,0.054805096126661,0.03373171119592874
1.0,matbench_mp_gap,chemical_system_ood,rank,0p5,-0.09731798167766495,0.06483427063041124,-0.25145785011173905,0.023816229155722124,1,20,0.4392868363179391,0.03460786565827913,0.05264881373103382,0.03332667750447648
1.0,matbench_mp_gap,chemical_system_ood,rank,1,-0.052725450523808115,0.06421656741089733,-0.21439056467327233,0.07077284043336685,3,20,0.4392868363179391,0.03460786565827913,0.05264881373103382,0.03332667750447648
1.0,matbench_mp_gap,chemical_system_ood,rank,5,0.024703223988641186,0.03951381561383628,-0.04756434421992173,0.10975572459438704,13,20,0.4392868363179391,0.03460786565827913,0.05264881373103382,0.03332667750447648
1.0,matbench_mp_gap,iid_record,magnitude,0p5,-0.062216688450788274,0.05111020174753472,-0.15030108372414674,0.0346345376107845,3,20,0.5170436694941878,0.03225230292607076,0.05645520190359514,0.030895814682184414
1.0,matbench_mp_gap,iid_record,magnitude,1,-0.048828980087464766,0.0394613383230379,-0.12705708759831336,0.007803676056023723,2,20,0.5170436694941878,0.03225230292607076,0.05645520190359514,0.030895814682184414
1.0,matbench_mp_gap,iid_record,magnitude,5,-0.03877043467553742,0.023639764559832355,-0.08789599059461284,0.001323446534486683,2,20,0.5170436694941878,0.03225230292607076,0.05645520190359514,0.030895814682184414
1.0,matbench_mp_gap,iid_record,rank,0p5,-0.08497083332204941,0.039737117030949155,-0.14047742555259013,0.0007853608733214834,1,20,0.3882029531888156,0.03243250247373131,0.05789062868114779,0.030064994345756955
1.0,matbench_mp_gap,iid_record,rank,1,-0.05530195954318874,0.035737440660326844,-0.10847374792579045,0.00681821460226284,2,20,0.3882029531888156,0.03243250247373131,0.05789062868114779,0.030064994345756955
1.0,matbench_mp_gap,iid_record,rank,5,0.018121875945935607,0.02255200486133536,-0.029826262092682798,0.06382385352112019,16,20,0.3882029531888156,0.03243250247373131,0.05789062868114779,0.030064994345756955
