policy,tail,metric,equal_weight_environment_mean,environment_sd,environment_min,environment_max,n_fixed_environments
magnitude,0p5,local_only_tail_fraction,0.013657542745721476,0.002237066215258347,0.011089367253750815,0.018006291354810716,8
magnitude,0p5,raw_only_tail_fraction,0.013195227645789901,0.0021353483272599917,0.01141552511415525,0.01757240481614058,8
magnitude,0p5,tail_fraction_difference,0.00046231509993157434,0.0007301164943052231,-0.0006192886821392816,0.001798561151079136,8
magnitude,0p5,enrichment_ratio,1.0360041261259565,0.06088819948607388,0.9521158129175947,1.1527777777777777,8
magnitude,1,local_only_tail_fraction,0.02852285168497905,0.004588358687651213,0.022341813437703847,0.03763965722963445,8
magnitude,1,raw_only_tail_fraction,0.02835551945730679,0.004180085196895426,0.024035317200784827,0.036771884152294175,8
magnitude,1,tail_fraction_difference,0.00016733222767226262,0.001481111031721931,-0.002609262883235486,0.0021255722694571606,8
magnitude,1,enrichment_ratio,1.0055604271073535,0.05798434110584394,0.8954248366013072,1.0884353741496597,8
magnitude,5,local_only_tail_fraction,0.15494495578056403,0.01802555897362126,0.12818003913894324,0.17741180537052906,8
magnitude,5,raw_only_tail_fraction,0.1608224346168163,0.02767891076048658,0.11527141922825376,0.1921032649962035,8
magnitude,5,tail_fraction_difference,-0.005877478836252281,0.014571109217670537,-0.02760603102288753,0.01389797253106606,8
magnitude,5,enrichment_ratio,0.9746528537560297,0.08829121096681151,0.8562958780350084,1.1205673758865249,8
rank,0p5,local_only_tail_fraction,0.012523680897573794,0.0026533364776677496,0.008045591686221924,0.016282143715453015,8
rank,0p5,raw_only_tail_fraction,0.012236488168027077,0.002132610331477201,0.009509875640087784,0.015130749788224599,8
rank,0p5,tail_fraction_difference,0.00028719272954671766,0.001986756615484067,-0.0020293387943995204,0.002463350156212449,8
rank,0p5,enrichment_ratio,1.0275636596697784,0.16702841902212098,0.8275862068965517,1.2146892655367232,8
rank,1,local_only_tail_fraction,0.025657386069177782,0.004739928000097096,0.016761649346295676,0.030521509252583512,8
rank,1,raw_only_tail_fraction,0.024970980757305125,0.004002816460677401,0.01961112973516594,0.030501952001187906,8
rank,1,tail_fraction_difference,0.0006864053118726603,0.003913294405058156,-0.004033929554720997,0.00525262631315658,8
rank,1,enrichment_ratio,1.032711237528742,0.160207398805349,0.851851851851852,1.2222222222222223,8
rank,5,local_only_tail_fraction,0.13826176616443275,0.01771062776216367,0.12216532553035844,0.16534321388971152,8
rank,5,raw_only_tail_fraction,0.13397495663280182,0.019593536053090593,0.11639887158101313,0.16813814352622364,8
rank,5,tail_fraction_difference,0.0042868095316309154,0.006836070038435523,-0.007201677916710503,0.013458303292477769,8
rank,5,enrichment_ratio,1.0349461628520347,0.050941550837600574,0.9571680894907271,1.10873786407767,8
