surrogate,tail_fraction,policy,task,split,n_seed_pairs,mean_difference,median_difference,sd_seed_difference,min_difference,max_difference,positive_seed_fraction,negative_seed_fraction
RandomForestRegressor,0.005,magnitude,matbench_expt_gap,chemical_system_ood,20,0.02668542960662526,0.014848602484472062,0.1334750769573708,-0.22185559006211175,0.3918219461697721,0.65,0.35
RandomForestRegressor,0.005,magnitude,matbench_expt_gap,iid_record,20,0.02379011387163562,0.005499482401656333,0.0810702689794075,-0.13412267080745338,0.1826475155279504,0.55,0.45
RandomForestRegressor,0.005,magnitude,matbench_log_gvrh,chemical_system_ood,20,0.030477192256403184,0.029153446452384324,0.07095158201704305,-0.11509633512668416,0.1685864716972456,0.7,0.3
RandomForestRegressor,0.005,magnitude,matbench_log_gvrh,iid_record,20,0.027596664139499648,0.023514140648333237,0.05543087229776789,-0.08231672295356907,0.11263124037953465,0.75,0.25
RandomForestRegressor,0.005,magnitude,matbench_log_kvrh,chemical_system_ood,20,0.05008736837264911,0.056042212718995676,0.07411014763118466,-0.15474548213546702,0.18460017473674528,0.85,0.15
RandomForestRegressor,0.005,magnitude,matbench_log_kvrh,iid_record,20,0.023340685092011863,0.00958600408941579,0.07545948775451504,-0.10163806373055784,0.16857352907390816,0.6,0.4
RandomForestRegressor,0.005,magnitude,matbench_mp_gap,chemical_system_ood,20,-0.018923199707740684,-0.017369882815634896,0.03923627615519209,-0.0863891893595159,0.04390277946681387,0.3,0.7
RandomForestRegressor,0.005,magnitude,matbench_mp_gap,iid_record,20,-0.016275496223743642,-0.018672939541738265,0.026962254766747244,-0.056713395228304875,0.02946014195090052,0.35,0.65
RandomForestRegressor,0.005,rank,matbench_expt_gap,chemical_system_ood,20,-0.0022353778467909024,0.009737318840579684,0.10213233600002207,-0.21163302277432716,0.24767080745341621,0.6,0.4
RandomForestRegressor,0.005,rank,matbench_expt_gap,iid_record,20,-0.03466614906832298,-0.02607401656314702,0.06404149685227147,-0.18821169772256724,0.09232660455486533,0.3,0.7
RandomForestRegressor,0.005,rank,matbench_log_gvrh,chemical_system_ood,20,0.047826136938428264,-0.0030693888812249603,0.11530417231268135,-0.1096702993516348,0.2519772842231112,0.5,0.5
RandomForestRegressor,0.005,rank,matbench_log_gvrh,iid_record,20,0.013392262273990856,0.031658510809382645,0.1066486692424142,-0.2241137684655501,0.18905506926735127,0.6,0.4
RandomForestRegressor,0.005,rank,matbench_log_kvrh,chemical_system_ood,20,0.06830080011036004,0.04841472386995904,0.15482098293222488,-0.2783602335954384,0.33337931668735915,0.7,0.3
RandomForestRegressor,0.005,rank,matbench_log_kvrh,iid_record,20,0.043400647873733524,0.05075585268913535,0.06235421302349342,-0.15042387483630842,0.12734624485951246,0.8,0.2
RandomForestRegressor,0.005,rank,matbench_mp_gap,chemical_system_ood,20,-0.07067348145536864,-0.07367275819234465,0.04825993312517646,-0.16173237003298258,0.02646458300612542,0.1,0.9
RandomForestRegressor,0.005,rank,matbench_mp_gap,iid_record,20,-0.06695433483503847,-0.06701756377117979,0.036717472671273975,-0.1550319597560409,0.010856075357222439,0.05,0.95
RandomForestRegressor,0.01,magnitude,matbench_expt_gap,chemical_system_ood,20,0.01422910196687372,0.018471790890269166,0.11850216958507084,-0.2111801242236025,0.2819940476190476,0.65,0.35
RandomForestRegressor,0.01,magnitude,matbench_expt_gap,iid_record,20,0.020095755693581803,0.02160973084886139,0.057875875919624405,-0.07434006211180122,0.16941640786749484,0.7,0.3
RandomForestRegressor,0.01,magnitude,matbench_log_gvrh,chemical_system_ood,20,0.020062249965512483,0.019060100243711797,0.056973561670320784,-0.05339816986250967,0.15803903986756795,0.65,0.35
RandomForestRegressor,0.01,magnitude,matbench_log_gvrh,iid_record,20,0.02240592046316083,0.02528602936108626,0.06910531532351136,-0.10700255014129167,0.13726537551404872,0.7,0.3
RandomForestRegressor,0.01,magnitude,matbench_log_kvrh,chemical_system_ood,20,0.04181783694302661,0.04327033613831796,0.07987660133695484,-0.16048765346944394,0.17187428151009332,0.85,0.15
RandomForestRegressor,0.01,magnitude,matbench_log_kvrh,iid_record,20,0.014112792060100621,0.012696142624118334,0.06776297167958122,-0.10312564615066522,0.13925264778183655,0.55,0.45
RandomForestRegressor,0.01,magnitude,matbench_mp_gap,chemical_system_ood,20,-0.008340056250599465,-0.006705801770757247,0.04857247627806587,-0.0907953194688369,0.060633912745245766,0.4,0.6
RandomForestRegressor,0.01,magnitude,matbench_mp_gap,iid_record,20,-0.005249138784609042,-0.005901610926798473,0.018113299243769376,-0.03895285134696791,0.018967143188794333,0.35,0.65
RandomForestRegressor,0.01,rank,matbench_expt_gap,chemical_system_ood,20,-0.005137163561076606,0.012487060041407927,0.102681069870596,-0.2637487060041408,0.19277303312629396,0.55,0.45
RandomForestRegressor,0.01,rank,matbench_expt_gap,iid_record,20,-0.024225219979296074,-0.018245341614906763,0.04018275960887703,-0.09417054865424435,0.04367236024844717,0.25,0.75
RandomForestRegressor,0.01,rank,matbench_log_gvrh,chemical_system_ood,20,0.05372637605186923,0.005736423414723912,0.10575481942363475,-0.06777371591483888,0.2658642571389157,0.55,0.45
RandomForestRegressor,0.01,rank,matbench_log_gvrh,iid_record,20,0.00924914420934132,0.019588416385232066,0.08379864726372502,-0.1984859971971421,0.1233717003239368,0.55,0.45
RandomForestRegressor,0.01,rank,matbench_log_kvrh,chemical_system_ood,20,0.05722542189727318,0.045342461029107495,0.1192497948113641,-0.26750241412608633,0.24809743872718082,0.75,0.25
RandomForestRegressor,0.01,rank,matbench_log_kvrh,iid_record,20,0.036505215153812574,0.04014462287775403,0.04890154760304553,-0.09792197946102421,0.09635973074183846,0.8,0.2
RandomForestRegressor,0.01,rank,matbench_mp_gap,chemical_system_ood,20,-0.04018068415463463,-0.04044183004054214,0.05154984632849849,-0.14075958034202551,0.08554127332874895,0.1,0.9
RandomForestRegressor,0.01,rank,matbench_mp_gap,iid_record,20,-0.041190716812554325,-0.04319940978342651,0.03526667732484781,-0.13173103276434328,0.01963500815751995,0.15,0.85
RandomForestRegressor,0.05,magnitude,matbench_expt_gap,chemical_system_ood,20,0.018908677405901363,0.022964237305807544,0.08223327462211087,-0.22268272338650819,0.14452351162548216,0.7,0.3
RandomForestRegressor,0.05,magnitude,matbench_expt_gap,iid_record,20,0.016993796267333973,0.022622119695547976,0.03959673556265832,-0.07964497966843911,0.1101097382963194,0.75,0.25
RandomForestRegressor,0.05,magnitude,matbench_log_gvrh,chemical_system_ood,20,-0.008474502230192674,-0.004259208166643658,0.03922825943350428,-0.08086977514139887,0.06620108520715495,0.45,0.55
RandomForestRegressor,0.05,magnitude,matbench_log_gvrh,iid_record,20,-0.010319054839524921,-0.0028275553104970264,0.044907592666993915,-0.09075975831093341,0.08403519654467334,0.5,0.5
RandomForestRegressor,0.05,magnitude,matbench_log_kvrh,chemical_system_ood,20,-0.04414902055455925,-0.04053202740607911,0.07044418381487005,-0.1763978939623856,0.06760127833724194,0.3,0.7
RandomForestRegressor,0.05,magnitude,matbench_log_kvrh,iid_record,20,-0.07077222183931813,-0.060170698646816956,0.053891554484366014,-0.15818457509132255,0.0035299928779837786,0.05,0.95
RandomForestRegressor,0.05,magnitude,matbench_mp_gap,chemical_system_ood,20,0.0023911811837181857,-0.0009136070745592306,0.03940171882520139,-0.06376206509617355,0.07966279538496623,0.5,0.5
RandomForestRegressor,0.05,magnitude,matbench_mp_gap,iid_record,20,0.006750185955892729,0.010152799554988434,0.012222406891505846,-0.026389247640069335,0.020319917639718188,0.75,0.25
RandomForestRegressor,0.05,rank,matbench_expt_gap,chemical_system_ood,20,0.015331430507767673,0.027167396517568526,0.07960103180264443,-0.15826034824314458,0.15371832968407886,0.7,0.3
RandomForestRegressor,0.05,rank,matbench_expt_gap,iid_record,20,0.009486758419351484,0.006770670420185587,0.03212011827451066,-0.0481180273172766,0.09903164424981759,0.75,0.25
RandomForestRegressor,0.05,rank,matbench_log_gvrh,chemical_system_ood,20,0.019692083965604474,0.014124361980962896,0.05101166236211531,-0.07372281234193223,0.12724168850875983,0.65,0.35
RandomForestRegressor,0.05,rank,matbench_log_gvrh,iid_record,20,0.0031342040572518216,-0.004386357892802173,0.03152555523231574,-0.07927952764950497,0.07951271624508927,0.4,0.6
RandomForestRegressor,0.05,rank,matbench_log_kvrh,chemical_system_ood,20,0.033707063043178366,0.03905136340644691,0.058581095215461704,-0.13685220950016094,0.13480480066216022,0.8,0.2
RandomForestRegressor,0.05,rank,matbench_log_kvrh,iid_record,20,0.011643634985181608,0.016213499666873438,0.03064747017426833,-0.03391917660302801,0.06149861005812479,0.55,0.45
RandomForestRegressor,0.05,rank,matbench_mp_gap,chemical_system_ood,20,0.017958105668913128,0.015212859738065188,0.03794882612979699,-0.040893900849464815,0.09583136350829058,0.8,0.2
RandomForestRegressor,0.05,rank,matbench_mp_gap,iid_record,20,0.01536072631278596,0.017833821289752028,0.016657221670684078,-0.020462856278565367,0.0377650790274312,0.8,0.2
RandomForestRegressor,0.005,magnitude,ALL_TASKS_EQUAL_WEIGHT,ALL_SPLITS_EQUAL_WEIGHT,20,0.01834734467591755,0.020293724928065908,0.023653970494384936,-0.019415627348821088,0.07032999723182842,0.8,0.2
RandomForestRegressor,0.005,rank,ALL_TASKS_EQUAL_WEIGHT,ALL_SPLITS_EQUAL_WEIGHT,20,-0.00020118700112603996,-0.010191219758528462,0.034884321477158114,-0.05093519219234217,0.05803177267869264,0.45,0.55
RandomForestRegressor,0.01,magnitude,ALL_TASKS_EQUAL_WEIGHT,ALL_SPLITS_EQUAL_WEIGHT,20,0.01489180775713094,0.010463659925341373,0.02143594169310892,-0.01850809700847326,0.06620683951686371,0.8,0.2
RandomForestRegressor,0.01,rank,ALL_TASKS_EQUAL_WEIGHT,ALL_SPLITS_EQUAL_WEIGHT,20,0.005746546600591834,0.006699779060715779,0.028712090552099733,-0.03827694444400631,0.055251587820776146,0.65,0.35
RandomForestRegressor,0.05,magnitude,ALL_TASKS_EQUAL_WEIGHT,ALL_SPLITS_EQUAL_WEIGHT,20,-0.01108386983134359,-0.012603266716195837,0.013793076630007424,-0.031123895143945098,0.021490228665255632,0.25,0.75
RandomForestRegressor,0.05,rank,ALL_TASKS_EQUAL_WEIGHT,ALL_SPLITS_EQUAL_WEIGHT,20,0.015789250870004316,0.015812770623430124,0.015086408497458998,-0.017798674916158646,0.03831432122433659,0.85,0.15
